201810240435,root,1000,69.6,6
s07YN,28LH1,wQJf0,WY2O6,OhbmL,JiG88
69.8,69.0,69.7,69.5,70.0,69.3
1,¸ð¶«,911145,2021040074555,85.0,86.9,94.2,87.5,86.0,66.9,88.5
2,ÅíÓ¢ÕÑ,637251,2021110615144,84.8,87.1,93.2,93.2,86.6,63.6,85.0
3,Â³Ç¿Äþ,284065,2020010046536,84.7,90.0,63.3,94.5,84.8,83.4,92.1
4,¿°¹úÑ×,928837,2023100513736,84.7,90.1,92.9,74.1,69.3,93.8,88.0
5,Ñîæ«,316435,2019011003538,84.5,79.2,93.2,80.9,94.1,90.8,68.5
6,°²Ìì,253025,2020041122544,84.2,67.6,92.0,93.1,84.6,81.0,87.1
7,ºÂ·å,010196,2018110749626,83.3,92.0,62.5,89.5,79.7,89.4,86.5
8,¼ÍÈÊÊ±,066584,2020031118465,83.3,94.1,68.9,81.5,88.3,82.0,84.8
9,·ü¿¡,262720,2024091192051,83.1,68.3,88.9,68.5,94.4,91.1,87.6
10,ÏôÊ¿·É,977489,2018110968950,82.6,77.4,90.9,86.2,81.9,93.3,66.0
11,ÁºÈÙ,827319,2019050671967,82.0,75.8,78.4,88.0,84.6,92.7,72.8
12,Ñî±£ÐÇ,993941,2020060044103,82.0,80.0,94.3,91.6,71.9,77.8,76.5
13,ÇØ½¨,426309,2018030640969,81.9,82.8,86.7,94.8,79.6,65.5,81.9
14,ÍõéÅÒå,494275,2018030977558,81.9,62.2,92.4,72.0,85.4,90.4,89.1
15,ÌÆºÉÍñ,530458,2022070595844,81.9,55.7,82.0,93.4,80.2,90.8,89.0
16,ÅíÂ¶Ü°,043767,2022120786763,81.9,87.8,89.7,93.3,55.3,94.3,71.1
17,ÂÞ¿µ²¨,193240,2024101024009,81.9,85.8,93.2,94.0,84.9,67.6,66.0
18,Ë®Ó°,066748,2022080704834,81.8,93.0,66.2,82.7,89.5,69.5,90.2
19,³£ÉúÎÄ,849238,2023080973841,81.8,92.2,59.4,84.6,86.2,91.8,76.4
20,¼Æ·Æ,516845,2018021094575,81.7,87.0,81.0,72.6,81.4,75.2,93.2
21,Âí¾üè¡,719598,2023101209853,81.7,79.2,94.4,86.8,88.8,79.6,61.6
22,ÍôÊçÑÇ,221032,2024021153254,81.6,80.5,70.2,84.6,84.1,84.6,85.6
23,ñ¼æ¼,034542,2020101114240,81.5,93.6,87.1,84.8,63.9,81.1,78.4
24,°²æÃÏ¼,756145,2022010784519,81.5,76.2,93.7,94.2,57.5,80.1,87.4
25,À×Ã¼,098913,2021030731346,81.4,60.4,83.2,83.7,87.0,94.9,78.9
26,Æ¤Ï£ÇÙ,761898,2021120659804,81.1,73.5,94.5,85.2,94.6,50.2,88.4
27,Ë®æÃÜç,482302,2022070650201,81.1,93.9,88.6,78.6,64.7,86.2,74.7
28,»ª¶¦,183547,2023030204758,81.1,89.9,57.7,85.3,72.3,93.6,87.5
29,Óà³É·ç,865314,2018080901430,81.0,89.9,79.5,77.9,84.8,76.5,77.2
30,¼Í°®,036057,2022080775742,81.0,90.2,80.2,91.2,78.6,53.4,92.3
31,½ðÖ¦Äý,361528,2023060652858,81.0,72.7,84.1,93.7,85.4,67.6,82.5
32,Ç®´ä,849182,2024100948273,81.0,71.3,81.6,88.8,90.6,62.2,91.4
33,³ÂË³,583284,2021080088471,80.8,84.8,93.6,91.0,48.7,77.2,89.7
34,¶­±ò,904635,2020121183548,80.7,77.0,94.0,93.3,50.6,92.9,76.5
35,Î¤ÑãÉ¯,195603,2020040490337,80.6,82.6,88.3,93.6,69.7,71.1,78.5
36,Îé·çº£,551240,2022040924037,80.5,90.9,76.6,82.5,90.9,55.3,86.9
37,ÌÀÏöÔ°,933251,2024100625132,80.5,90.9,50.0,92.3,84.3,73.6,92.1
38,ÅËº½Ñ×,408334,2023120763408,80.4,90.0,47.6,78.9,88.4,85.5,91.8
39,¿µº®,499069,2018100176947,80.3,81.2,83.9,94.1,69.6,63.8,89.0
40,ÔªÔ·ËØ,800597,2019100959715,80.1,79.7,83.6,71.5,85.9,82.2,77.9
41,Ô¬ºëÈÊ,240850,2023110115018,80.0,74.9,92.5,56.2,92.1,76.3,88.1
42,»ª´ÏÀ¼,651925,2019100322512,79.9,94.0,80.0,80.8,78.7,72.8,73.2
43,ÌÀÈ«,742044,2022040904403,79.9,89.5,55.4,89.8,57.0,93.3,94.2
44,»ª¼ÒÁ¼,869952,2024110995270,79.9,85.6,68.5,67.6,92.6,94.4,70.5
45,ÞÉ¸»È«,937832,2019070383228,79.8,83.0,77.6,85.1,71.2,67.4,94.8
46,Ó÷æ«ºì,704707,2022020400724,79.8,71.5,82.0,78.5,77.5,90.2,79.2
47,ÓíË¼,860957,2022120535731,79.8,78.7,74.4,88.3,84.4,77.2,75.5
48,Öì´ï°²,618650,2023070665075,79.8,89.9,94.5,73.2,67.4,82.7,71.1
49,ÈÎÇÙ,041908,2022080480835,79.7,65.0,88.5,56.9,83.5,91.8,92.4
50,°ØÖ¦ÁÕ,258447,2018020354755,79.5,51.7,87.9,86.3,87.2,82.5,81.3
51,¼ÆÄþ,524690,2019080129069,79.3,89.6,91.4,91.3,75.3,69.0,59.3
52,ÅËÃ¼,095814,2019100451424,79.3,92.9,84.2,68.1,93.9,80.9,55.9
53,Òó¶ðÃÀ,745461,2022110506129,79.2,77.4,86.2,85.3,73.5,70.0,82.5
54,ÅÓÓ½,189192,2023071099226,79.2,88.7,62.5,83.3,93.6,68.4,78.7
55,×£±ùÒÇ,353400,2018120820002,79.0,63.6,74.9,92.8,85.4,69.9,87.5
56,Ë®äÞ,593286,2021010908609,79.0,87.2,93.6,94.7,59.0,82.4,57.3
57,ÔÆÀûÑ×,613892,2020111219251,78.9,82.9,89.3,69.3,53.2,93.4,85.0
58,Ñ¦Ã¼,893285,2022040708567,78.9,78.6,72.0,73.0,75.7,94.5,79.7
59,Ê·Áú,980557,2018090515770,78.8,87.9,94.2,76.0,73.9,68.4,72.5
60,Ò¦ÎÄ,575996,2019120789657,78.8,61.6,87.7,91.3,93.0,59.2,80.0
61,ËÎóÞ÷ì,381215,2024030721534,78.8,81.6,85.8,84.3,85.9,57.6,77.4
62,Î¤Óñ²Ê,838651,2021040595109,78.6,75.7,76.3,77.3,57.7,92.4,92.1
63,ÖÜ¾û,352051,2024080245169,78.6,63.8,61.9,85.0,78.6,92.0,90.1
64,ÇØ²ÅÈÊ,220650,2018101025002,78.3,71.8,52.1,76.9,93.6,88.4,86.9
65,ÄÂ×Ó,283098,2019071089830,78.3,64.5,81.6,65.5,90.9,81.0,86.3
66,½ªÓ¢æý,681402,2021010090249,78.3,94.1,65.0,73.1,58.7,85.0,93.7
67,ÐÜ²¨ÐÅ,444003,2021120260328,78.3,82.7,91.1,74.2,82.2,65.7,74.1
68,ÂíºÉÔ°,122763,2022030766310,78.3,79.7,66.1,91.3,62.6,84.8,85.3
69,ÓàÊ¤,522373,2024030147324,78.3,77.6,94.5,93.0,56.2,63.9,84.7
70,ÎºÝ¼Ë¬,029350,2019080775039,78.2,65.1,58.1,89.8,86.8,78.8,90.3
71,Æ¤ÈÚ»¶,179430,2019061163012,78.1,91.5,91.2,83.6,51.3,74.3,76.8
72,Îâ¸»,277442,2020010704260,78.1,76.7,81.4,92.9,65.6,83.8,68.4
73,ºØÏ£Æ¼,751454,2021030175466,78.1,75.4,69.6,93.3,87.4,52.5,90.6
74,±«ÑþÖé,771252,2024010725262,78.1,48.7,89.6,73.5,90.8,80.7,85.1
75,Ç®åûÓ±,553004,2022080390474,78.0,73.8,76.3,84.1,89.1,60.2,84.4
76,±«¹ó¸»,897197,2023100819716,78.0,68.8,92.5,50.0,87.2,87.4,81.8
77,¸µÝºæ«,211344,2018120924454,77.9,90.2,78.7,55.5,84.6,77.8,80.8
78,»¨ÈÙ,607125,2020060472516,77.9,57.0,91.8,94.2,72.9,65.8,85.5
79,Ã×Èð,392666,2020120596673,77.9,74.1,57.2,76.3,86.1,83.4,90.2
80,ÎÀ¹â,275723,2021040772348,77.9,89.6,75.7,69.1,83.9,59.5,89.4
81,½ªéª,211391,2022031099158,77.9,77.9,76.8,53.0,86.5,82.1,91.2
82,¿µæÃÏ£,695094,2018090979412,77.8,92.4,88.0,47.5,87.0,67.8,83.9
83,×£ÒË,710700,2022111010023,77.7,91.1,64.1,58.0,75.2,93.5,84.3
84,¼ÆÁú±ò,644163,2019020786323,77.6,70.5,68.7,90.7,72.5,88.8,74.4
85,ÖÜË³³½,163883,2020120168348,77.6,56.4,71.7,84.0,84.9,84.4,84.1
86,ÀÖÎ°,446866,2021071026626,77.6,91.2,59.5,51.0,80.5,90.3,93.3
87,ÓáÉúÇ¿,269276,2021100627665,77.6,74.6,93.5,81.1,86.6,81.3,48.5
88,Íô´ïÐÇ,709562,2024090516260,77.6,80.6,74.9,84.4,85.8,92.6,47.1
89,Ñ¦Öéá°,858164,2018030726413,77.5,72.8,69.1,94.6,93.9,71.3,63.1
90,ÓàÇå,136477,2020070247762,77.5,80.8,72.0,87.5,52.6,91.9,80.2
91,±«âù,236741,2023051174110,77.5,82.1,71.4,81.2,65.7,94.8,69.6
92,Ê±ÓÀ·å,996731,2024041043119,77.5,77.6,91.7,94.2,69.6,83.1,48.7
93,Âí¹ð,072388,2018010638868,77.4,90.0,94.9,71.1,69.6,70.4,68.4
94,ÃçÄÈ,374452,2023060435232,77.4,71.0,86.6,86.1,65.8,80.9,74.2
95,ÓàéÅÎ°,072519,2023100661932,77.4,80.6,83.5,62.1,72.8,79.9,85.5
96,ÆëÜç,247814,2018041091429,77.3,81.0,81.1,91.9,74.5,53.6,81.5
97,Äß·ã,837392,2021020709271,77.3,88.7,77.8,93.1,74.6,47.2,82.6
98,ÎºÑÞ,899965,2021030406534,77.3,62.9,71.7,94.5,87.7,62.1,84.7
99,ºÎÃ¯¹â,195530,2022080303057,77.3,69.9,91.3,80.8,79.5,54.5,87.8
100,Óáèµ¾ý,605141,2023011064144,77.3,90.0,89.7,73.5,59.3,93.7,57.8
101,ÂíÃÃÑþ,296409,2023091170942,77.3,54.1,80.1,76.5,85.5,80.4,87.4
102,ËÎÃ·,736631,2024010413101,77.3,89.7,94.8,88.0,47.0,60.0,84.3
103,½ª÷ì,188122,2018070732202,77.2,75.8,82.7,79.7,85.5,46.6,92.8
104,²Üº£´ï,660232,2019010503219,77.2,94.4,52.2,58.7,78.3,90.6,89.1
105,ÒüË³ÈÊ,563618,2021091191855,77.2,72.6,76.8,68.7,59.9,92.3,92.8
106,µÒ¶¦¿¡,033427,2024040922763,77.2,76.3,94.7,61.0,71.4,89.3,70.5
107,´÷è¥,440115,2024050341505,77.2,80.2,76.1,93.1,52.3,78.5,82.8
108,Àî»Û,915447,2023030334709,77.1,72.5,75.2,59.1,93.5,68.9,93.2
109,Ê·¹â,965436,2019080373603,77.0,93.7,72.0,85.2,93.7,60.1,57.0
110,·ëæ¿,206293,2019090149306,77.0,54.0,78.5,87.4,86.7,87.8,67.4
111,Ò¦Ñ§,637140,2019060614003,76.8,48.2,94.2,89.1,59.6,79.3,90.2
112,ÂÀÑþÄþ,277815,2020120811558,76.8,87.2,71.0,72.0,88.7,72.8,69.1
113,±Ï·å,873023,2023090862347,76.8,84.8,81.4,91.2,76.5,49.5,77.7
114,ÎâÔÂÜç,416949,2024091184941,76.8,88.3,76.0,95.0,59.9,67.2,74.7
115,Æ½½õ,222356,2018070035636,76.7,57.4,73.8,89.1,70.4,74.4,94.8
116,¼Í·Ò,032550,2018100145002,76.7,80.0,51.6,84.1,90.7,92.1,61.9
117,Â³Ó¢,740522,2021010212212,76.7,79.1,85.9,56.9,79.4,72.9,86.1
118,·¶Êæ¶ð,510304,2018101180429,76.6,55.3,88.5,81.4,53.4,87.3,93.6
119,·üÌÚéª,364573,2018110867355,76.6,59.0,81.3,82.2,59.6,87.1,90.4
120,Äß·¢,014272,2019100777254,76.6,61.2,86.3,79.7,82.3,95.0,55.1
121,ÓíÄþ¹Ú,353288,2020060188827,76.6,71.3,75.1,89.4,66.0,81.0,76.6
122,±Ïæý,696618,2022101081852,76.6,65.5,66.8,86.9,80.3,65.1,95.0
123,×ÞÑÞ,679491,2024060689115,76.6,80.0,81.4,80.3,85.2,58.9,73.6
124,Æ½Óý,781955,2024070105535,76.6,70.2,55.2,94.4,91.7,53.8,94.3
125,Ã÷½¡²ß,768059,2024110615955,76.6,70.1,92.9,84.8,67.7,53.0,90.9
126,Ö£ÓðÓñ,597465,2018011246556,76.5,68.4,65.3,94.2,62.0,92.0,77.3
127,¶­ÔÃ°®,985949,2019060954953,76.5,88.0,79.1,76.5,51.7,76.4,87.0
128,ÑÏ·¢ÖÂ,063343,2019020034314,76.4,86.5,57.5,73.5,85.1,72.4,83.4
129,»Æ·Ò»Ý,561504,2020070680444,76.4,80.5,90.3,54.4,66.8,83.6,82.5
130,á¯Ýí¾Õ,024881,2021070918127,76.4,67.7,93.1,64.1,88.3,74.3,70.6
131,ÕÅÜ°,267748,2023020714874,76.4,65.1,79.3,81.7,82.3,91.4,58.9
132,¸ðè´´º,016662,2019101026247,76.3,66.4,83.1,76.3,92.3,49.9,89.6
133,ÕÅæý±ù,686544,2019121064475,76.3,62.8,81.5,73.0,73.2,87.6,79.7
134,ÌÆ×Ó,939205,2022020690508,76.3,57.0,73.0,86.3,77.8,83.1,80.6
135,ÌÆ¾û,124959,2023081065958,76.3,57.7,80.6,82.2,77.6,88.2,71.7
136,·ü½à»·,321311,2024010081145,76.3,94.6,52.1,65.2,82.7,84.6,78.5
137,ÐíæÂÈð,633639,2024031123923,76.3,83.1,67.9,51.6,84.0,83.4,87.8
138,Áø¾üÃ¯,287594,2018060309401,76.2,89.6,68.9,86.5,56.2,67.0,89.3
139,»ª·å,056515,2020030301557,76.2,83.7,61.5,72.4,71.9,88.7,79.2
140,Ã÷º£²ß,221953,2020080945338,76.2,92.7,72.1,62.5,87.4,66.2,76.5
141,Ê·¾²»ª,698522,2020101012229,76.2,82.3,69.8,77.0,81.6,58.0,88.6
142,Ö£Ø¹Æ¼,919217,2020120821705,76.2,47.2,57.6,84.7,84.8,94.2,88.5
143,ËÕÌì,086006,2021120310623,76.2,65.3,92.2,89.1,62.1,73.0,75.8
144,·¶Öñ¹ð,104119,2020011121936,76.1,76.8,81.5,64.0,88.2,68.3,78.1
145,ºÂÔÆ,274728,2021010022813,76.1,73.9,69.6,82.3,56.2,89.1,85.5
146,ÕÔ²¨ÐÇ,700030,2022030023062,76.1,91.3,81.5,64.1,94.3,56.6,68.9
147,Ã«Êæµ¤,460339,2023010343944,76.1,75.1,52.0,76.7,82.5,86.3,84.0
148,Ç®´ä,196951,2018050555128,76.0,70.0,85.0,74.5,91.6,55.5,79.3
149,ÂÀ·Æ,671997,2019050969773,76.0,78.3,73.1,88.4,60.0,78.3,77.9
150,ÅÓÁ«,805083,2019090778351,76.0,62.6,79.0,81.0,78.5,60.3,94.5
151,±åÇÉÀó,194477,2020020077773,76.0,79.9,86.8,82.2,69.8,77.2,59.8
152,ÍõÁá,742872,2021010507203,76.0,77.6,53.2,86.4,93.8,71.0,74.1
153,Ô¬µ¤ËØ,332160,2021021206028,76.0,91.6,87.3,74.1,70.4,84.3,48.1
154,ÖìÆ®æµ,973121,2021030132116,76.0,79.4,91.7,68.5,65.3,71.6,79.2
155,ÀîÑþçþ,808750,2021090565046,76.0,64.2,65.6,71.6,88.5,86.4,80.0
156,ÀÖÇ¿¸Õ,506354,2023100755471,76.0,82.7,79.9,94.7,51.1,70.8,76.9
157,Ñ¦ÐÅÈÊ,437758,2018040945831,75.9,67.9,88.3,66.6,83.6,64.1,84.7
158,Ã«æ«,910899,2018080619951,75.9,94.7,48.2,79.4,87.4,62.4,83.5
159,ÉÛæ¯æ¿,416318,2019050851809,75.8,74.7,90.2,68.8,89.1,62.6,69.1
160,Óà´Ï,669736,2024120393665,75.8,83.6,73.4,94.9,59.5,94.7,48.9
161,Á®»Ô,316504,2019060750433,75.7,81.0,88.0,79.2,70.1,45.6,90.5
162,ê°ÔÆ,371267,2020120196731,75.7,80.0,61.4,63.8,93.5,78.8,76.9
163,Íô¼§·Æ,761928,2022091022848,75.7,85.6,83.7,52.4,73.0,64.8,94.7
164,Ñ¦Ö¾Ìì,211578,2021100117814,75.6,76.3,80.6,80.8,84.7,69.2,61.8
165,¿×ÐÅ·å,452671,2021100627148,75.6,81.6,87.6,75.7,89.0,63.4,56.6
166,À×ÐËºë,596996,2024110509608,75.6,88.5,73.1,60.5,81.5,62.3,87.4
167,¸ðÌ©,070071,2020111047166,75.5,76.0,56.6,74.8,93.7,73.3,78.4
168,ÂÞº®Ø¹,150597,2022030039731,75.5,57.0,74.9,90.7,90.3,58.0,82.0
169,Æ½ÐÂÇ¿,828818,2022110501868,75.5,74.8,80.4,74.5,57.2,86.2,79.9
170,ÂÀÆ¼,905432,2024121013249,75.5,46.9,94.6,87.3,48.9,87.2,88.4
171,Ë®Òå¸Õ,735331,2018120203104,75.4,71.3,88.4,49.2,78.2,92.1,73.3
172,²ÜÑÒÁ¦,851176,2020070297609,75.4,88.0,68.2,79.9,81.1,47.5,87.5
173,ñÒº£,538519,2023011001947,75.4,83.9,90.7,71.9,85.6,70.9,49.4
174,Ã«ÖÂÎ°,867633,2018071043373,75.3,73.5,78.0,93.4,57.8,88.2,61.1
175,×ÞË³,955586,2018080118671,75.3,46.7,83.4,90.9,73.7,71.3,85.6
176,ÅË½¨,551133,2019070193320,75.3,80.5,86.3,69.4,72.7,53.3,89.8
177,±´¶¦¶¦,542454,2019091055444,75.3,90.3,82.3,87.6,51.2,64.5,75.9
178,À×Ù»ËØ,835691,2020071039107,75.3,68.8,68.7,79.6,84.1,75.7,75.2
179,»ª±ò,063902,2023050520232,75.3,72.7,93.2,77.0,47.1,73.5,88.3
180,ÂÞÜ°Ö¦,480118,2018010351850,75.2,69.7,64.7,75.4,68.0,83.8,89.9
181,ÌÕÒ¶,479946,2024100524622,75.2,87.2,84.4,66.2,77.8,69.3,66.4
182,Íõ»ª,322656,2018090805649,75.1,74.4,73.3,80.9,91.3,60.9,70.1
183,µÒèª,731631,2020021193149,75.1,59.7,93.9,91.2,53.0,90.9,62.1
184,Ñî³É,114354,2021100965456,75.1,66.3,53.2,84.3,78.5,81.4,86.7
185,¿µÊæÖ¦,319953,2021101155359,75.1,72.2,45.8,89.6,89.7,70.3,83.0
186,±´¼ÎÜ°,418220,2022030492055,75.1,81.3,81.0,59.5,84.9,55.9,87.8
187,Ö£Ñ§¶¦,040244,2022120894453,75.1,71.0,92.2,79.0,60.2,86.8,61.5
188,ÊæÒå¾ü,355362,2023071226217,75.1,47.7,85.5,90.2,81.5,56.1,89.4
189,Ì¸Ï¼,846430,2024060073060,75.1,70.7,87.3,84.7,85.7,64.6,57.8
190,ÅËÃú,361716,2018080771654,75.0,84.1,89.4,64.6,54.6,88.7,68.4
191,·Ñö°Àò,405514,2020040011443,75.0,75.2,85.7,85.2,68.2,54.7,80.8
192,ÓàÞ±,179284,2018070928452,74.9,73.0,86.5,54.4,69.0,75.1,91.3
193,ÀÉÑ©Ñã,300200,2018081180012,74.9,84.0,78.6,74.9,73.9,71.8,65.9
194,Ó÷Ò¶,864802,2023050440228,74.9,91.8,94.0,80.9,45.4,58.4,78.6
195,º«ÈÚ,127339,2018060213902,74.8,75.2,51.3,63.1,89.7,83.6,85.9
196,ÎºÌìÌì,269972,2020100677265,74.8,89.4,91.4,54.7,64.4,87.7,61.1
197,ÅÓÁú,292441,2021050964174,74.8,91.0,58.4,57.4,70.9,89.8,81.1
198,ëøÁ¼,542591,2021070509126,74.8,57.9,54.0,94.9,68.7,86.4,87.2
199,ÌÕÄþ,511051,2021110085128,74.8,91.0,78.1,60.0,90.6,46.7,82.1
200,Æë½õ¾²,229013,2021111111355,74.8,69.8,87.4,59.4,68.5,73.8,90.1
201,Â³ÐÐ,510160,2022021016019,74.8,92.0,87.7,56.3,88.4,49.1,75.2
202,·Ñæ¯,006933,2022050343342,74.8,63.9,84.0,89.8,82.4,65.8,62.8
203,ÔªÐÀçü,433349,2018081204934,74.7,78.1,85.8,77.1,74.4,87.2,45.7
204,Ð»Òã,118822,2019080822228,74.6,66.6,85.5,75.8,76.5,74.1,68.9
205,Ë®ÈÙ,867275,2022050247526,74.6,77.0,53.6,94.3,90.9,64.1,67.9
206,ÎâÕä¿É,256865,2023011086560,74.6,65.1,79.6,73.4,75.1,90.4,64.0
207,·üö°Ñã,498445,2024070774551,74.6,49.9,72.6,93.6,78.7,72.6,80.5
208,ÑîÔÏ,781048,2018040724813,74.5,56.2,85.7,91.4,53.6,90.1,70.1
209,ÒüÔÃÁá,602783,2020061168363,74.5,59.4,63.6,87.8,76.2,86.0,73.8
210,Ô¬Ñ©Ñ©,745741,2022060274135,74.5,92.6,63.6,83.9,58.2,91.7,56.8
211,½¯³½,571226,2023091182664,74.5,93.2,45.0,65.6,87.9,83.7,71.6
212,ÃÏË¬,742914,2024031161442,74.5,60.9,87.9,48.5,85.8,85.1,78.8
213,ÐíÖÐÊ¢,581189,2020030748952,74.4,79.2,59.7,46.1,85.4,94.1,81.9
214,ÅËÊ¢²ß,131025,2021020102531,74.4,80.2,80.0,65.6,94.1,64.5,61.9
215,ºÂ½¡Ì©,325563,2024120886324,74.4,58.6,85.2,70.1,74.5,92.3,65.4
216,ÅÓ¾ý,696336,2019100843624,74.3,85.5,47.1,65.3,94.9,89.3,64.0
217,Ê·çù,494540,2021010524067,74.3,81.9,49.0,91.4,52.9,85.5,85.1
218,Ê±¶«,292329,2022020812946,74.3,60.2,77.3,82.3,91.4,46.9,87.7
219,ÒüÜ¿,909029,2022110812929,74.3,89.3,70.3,47.3,68.7,85.1,85.1
220,ÃÏÊ¢,869024,2024010232466,74.3,75.9,45.1,68.2,76.2,90.1,90.1
221,Ê©Î°,746883,2019050838332,74.2,71.1,76.7,48.8,90.1,89.5,68.8
222,ÎÀÌÚ,469724,2019061012426,74.2,88.0,58.4,80.5,77.0,83.2,58.1
223,Àî¹ó,602038,2020050643832,74.2,91.1,89.0,50.2,68.2,88.4,58.2
224,ÅÓæÃ,490339,2022070163923,74.2,91.4,91.1,93.5,57.2,65.3,46.6
225,Îâ·²,827764,2023040636440,74.2,85.6,63.3,47.0,89.6,65.1,94.7
226,ñ¼Ñ©¾ê,488682,2021120958229,74.1,57.1,55.7,91.5,80.9,82.8,76.6
227,ÐÜ¹óÊ¤,293644,2019030084409,74.0,78.3,90.9,59.4,80.3,83.5,51.7
228,±«Ç¿,493308,2019051100818,74.0,92.0,70.3,60.8,63.4,75.5,81.9
229,±Ï¾§,570937,2020120593730,74.0,63.7,63.6,83.3,64.7,73.7,94.9
230,Ã©Ü°,294230,2022080013017,74.0,77.9,73.2,61.5,57.2,92.9,81.5
231,Ã÷½õ,022186,2023020508613,74.0,90.9,87.4,46.6,78.3,81.7,59.0
232,ÕÅ¾û¶¦,906576,2023090907620,74.0,53.8,60.0,90.2,93.5,83.4,63.3
233,ÎÀµÂ´ï,691951,2024120705128,74.0,65.0,93.9,82.1,58.0,60.5,84.8
234,ÈÎá°Ý¼,654450,2021080565040,73.9,86.3,82.5,57.6,90.5,56.8,69.6
235,ÖÜÑÒ,642977,2022051117753,73.9,87.2,78.7,75.7,69.2,62.7,69.8
236,·½Ë¬,814561,2018070736170,73.8,49.1,86.2,45.5,94.4,92.6,74.8
237,»ª´ä,135246,2018071114668,73.8,62.6,80.4,87.7,49.8,69.0,93.0
238,Ê±Ü¿Êæ,241769,2021081126936,73.8,77.7,85.5,54.9,92.3,51.7,81.0
239,¸ðäÞÔÃ,851748,2023020334801,73.8,60.9,89.2,93.8,65.0,52.5,81.2
240,ÕÂÆ®,899684,2023070738462,73.8,80.7,65.3,80.4,81.5,85.6,49.4
241,ÀîÓý,662106,2024110630664,73.8,92.6,62.3,86.7,54.4,91.6,55.4
242,ÁºÃÀ,244762,2019090016214,73.7,69.9,76.8,77.2,90.6,49.8,77.7
243,Î¤¾ê,526806,2020120290674,73.7,59.2,52.1,94.5,66.5,88.3,81.5
244,Ïî´º,450066,2022030926605,73.7,83.2,67.5,73.6,46.4,78.7,92.9
245,ÕÔÙ»ÔÆ,280141,2022120054128,73.7,83.9,73.7,46.8,90.3,79.7,67.7
246,Æ½¼§,915969,2021030236954,73.6,56.9,77.6,81.1,70.4,62.7,93.0
247,¼ÍÊ±,810714,2021091081437,73.6,65.8,73.0,58.5,69.2,94.6,80.7
248,¼Æ»Ô,978972,2024011097211,73.6,94.5,76.5,85.8,71.6,62.2,51.2
249,ÉÛ½Ü,483087,2024070738719,73.6,80.7,77.6,79.9,60.6,87.5,55.3
250,±´Â¶Ó¢,136664,2019020396421,73.5,91.1,64.7,61.4,91.5,52.6,79.5
251,Î¤Éú,391189,2022030458952,73.5,73.1,93.7,73.3,81.8,69.0,50.2
252,³ÉÑÒÖÐ,599953,2018070675302,73.4,64.1,80.6,87.7,69.5,92.6,45.9
253,ÅÓÑÒ,680878,2019090547864,73.4,84.9,83.3,54.8,70.3,74.9,72.2
254,ÁºæÃ,031834,2020100913469,73.4,50.3,92.1,68.1,86.6,71.0,72.1
255,Ñ¦á°ÑÇ,904910,2020120261025,73.4,83.6,57.6,87.9,66.4,89.9,54.8
256,Îé²¨,472783,2021100658353,73.4,82.1,84.9,49.7,76.9,74.7,72.3
257,²Ü¹ú»Ô,922304,2022020410431,73.4,78.4,87.3,57.3,67.0,59.2,91.2
258,ÁºÖ¾¿¡,222100,2023110770014,73.4,93.0,62.5,50.3,59.4,91.8,83.3
259,ÐíÁú,610961,2023121066136,73.4,78.4,52.1,86.2,73.3,58.1,92.1
260,½¯É½,032319,2024061031941,73.4,76.8,65.8,69.6,71.7,76.8,79.7
261,·Ñ»¶ÕÑ,522991,2024101009157,73.4,68.7,81.9,89.1,56.6,67.4,76.4
262,Öì·ï,777014,2018030561409,73.3,59.8,89.2,63.3,91.8,60.4,75.3
263,ËÕ¹ó¶«,893197,2018110889729,73.3,90.4,84.4,57.7,74.2,47.3,85.6
264,ÕÂÑÞ,316265,2019100966562,73.3,74.1,54.0,64.9,94.3,88.1,64.4
265,ÉÛÓýæý,323156,2020040085615,73.3,75.6,82.9,84.5,67.2,75.1,54.3
266,¿°Ïþ,411420,2023040242014,73.3,76.9,45.5,87.2,76.9,62.7,90.8
267,ÏîÕÑ,291589,2023120368924,73.3,77.7,62.3,83.0,73.1,90.7,52.8
268,²ÜÉú,559052,2024070135249,73.3,67.0,77.2,79.0,79.4,83.0,54.4
269,ÉòÈÙÀò,948554,2019010585406,73.2,72.2,84.7,75.6,63.6,93.1,49.9
270,ÉÛÈÊÁ¦,187690,2020040909060,73.2,75.4,76.3,77.0,62.6,87.3,60.7
271,Á®ºë,674674,2020060267466,73.2,58.4,81.9,48.5,90.0,79.2,81.2
272,ÖÜÓÂ,729570,2021060957012,73.2,93.9,94.6,90.4,52.8,50.2,57.1
273,ÓàÑã,708325,2021090482523,73.2,59.7,88.4,90.7,52.5,59.5,88.2
274,ëø°²,336930,2021120313015,73.2,93.8,60.8,82.7,90.7,58.1,53.0
275,Îº¼Ò,627814,2022090631452,73.2,81.8,79.2,71.9,65.9,87.1,53.5
276,¿µ½¨ÓÂ,982129,2024050652968,73.2,94.0,53.2,74.7,79.9,48.4,88.8
277,ÄßÓðÊç,602437,2018081233749,73.1,75.9,60.6,53.6,94.5,93.6,60.3
278,³£Þ±Ù»,819065,2021100136542,73.1,51.7,68.3,70.6,87.8,75.8,84.6
279,»¨·ÉÀû,875303,2023020250301,73.1,75.7,62.3,49.0,91.8,73.0,86.9
280,Æë·¢½¨,243066,2023121146607,73.1,47.4,94.2,76.4,72.2,56.8,91.6
281,ÚùÈï,136680,2018050418015,73.0,57.0,72.1,91.1,69.5,77.0,71.5
282,ÁºÏé,844898,2020120419812,73.0,86.7,70.5,72.4,85.9,49.7,73.1
283,ºØæ¿Æ¼,343478,2021040997861,73.0,70.4,80.2,50.2,84.8,94.6,57.5
284,ÌÀÑÞ,414238,2021100853829,73.0,49.8,85.1,65.8,89.0,79.5,68.7
285,³£ÔÆ¹ð,018850,2023061255044,73.0,63.5,79.8,91.6,93.8,45.2,64.0
286,ÌÕÑãÔ°,923676,2024010267605,73.0,45.9,66.7,79.6,66.6,85.0,94.2
287,ÇØÑ§Ãú,803212,2024010761275,73.0,73.1,74.0,85.4,84.5,67.1,53.9
288,ÐÜÔª¾û,584966,2024050566662,73.0,63.1,81.3,76.8,82.1,56.0,78.9
289,ËÕÑÒ±£,145798,2024070499844,73.0,88.7,65.2,86.8,76.4,56.7,64.4
290,ÁøÌÚ·É,322953,2020100875331,72.9,69.3,84.2,59.5,89.8,59.2,75.3
291,Ê©²¨Ìì,534043,2021010454351,72.9,64.9,63.3,83.5,71.2,73.1,81.2
292,Ç®·ç,911196,2023050329622,72.9,92.8,63.8,92.8,87.2,47.9,53.2
293,ÀÉ·¢Ê÷,165870,2019011227063,72.8,76.6,86.7,63.3,88.9,68.1,53.0
294,ÌÕµ¤æµ,108485,2020030408563,72.8,60.8,77.8,70.1,88.6,86.3,53.4
295,ÑîÀö¹ð,126175,2021050517515,72.8,67.4,89.3,57.6,85.9,84.2,52.1
296,ÒóÐÛº½,533732,2021080783248,72.8,55.6,68.1,85.6,78.8,78.5,69.9
297,µÒÐÛ,445521,2023060252116,72.8,90.4,94.7,49.8,55.8,51.9,94.2
298,ÍõÔÃ,398834,2024011133445,72.8,47.0,63.2,93.8,70.6,72.8,89.2
299,ñ¼¾§,612300,2024020890059,72.8,83.2,82.0,66.3,66.1,76.8,62.6
300,ÒüÃ¼Ó±,294553,2018070865313,72.7,80.7,53.3,93.8,82.1,61.8,64.5
301,Ñ¦³½¸»,820687,2019100928729,72.7,78.3,83.3,56.5,80.0,81.2,56.8
302,±´Üø,229184,2019120788433,72.7,86.6,49.9,68.7,63.4,73.0,94.5
303,Î¤ÄþÖÐ,982917,2020041181775,72.7,83.1,53.1,92.8,51.2,78.5,77.4
304,¸ðÏöÔÃ,832224,2020050322457,72.7,67.4,49.4,93.1,85.0,70.7,70.6
305,ÛºÝº,662569,2022021146915,72.7,77.0,87.7,91.8,55.8,45.3,78.7
306,×£½Ü,521562,2019030186260,72.6,53.0,51.4,94.2,89.2,56.2,91.4
307,ñÒÖÂ,803704,2019120930401,72.6,59.8,47.4,92.6,93.6,67.6,74.6
308,½ðÃ÷,753999,2020110669946,72.6,50.8,47.0,75.7,83.6,87.3,91.0
309,»¨æ«ÒÁ,244831,2021091253124,72.6,55.9,69.1,58.0,87.9,79.0,85.6
310,ÇØ¹âÎ°,416212,2022120291221,72.6,62.7,94.7,70.3,45.8,84.4,77.5
311,ÌÆÐË´ï,909078,2023010027822,72.6,81.8,46.5,75.1,85.2,60.5,86.4
312,²Ü³É,665838,2023010763870,72.6,59.7,55.3,82.9,70.8,77.2,89.7
313,ÎâÓ¢,794461,2023030696148,72.6,50.9,91.2,71.5,81.8,93.0,47.5
314,¹Ë»·,648891,2019030689106,72.5,61.2,53.1,75.6,58.0,92.2,94.9
315,ÒüÀûÐÐ,718297,2020070049742,72.5,82.0,91.9,45.1,76.0,91.7,48.4
316,ÐÜ½à»¶,243026,2021060512654,72.5,75.7,76.6,84.2,51.7,55.4,91.6
317,ÂÞÓ±,507231,2022100813143,72.5,91.1,88.5,71.6,77.9,54.1,51.8
318,ºÍÖ¥Àö,765677,2023010607717,72.5,74.7,80.4,64.3,69.1,56.4,90.4
319,Ó÷Ã÷¹â,034442,2023070344215,72.5,64.5,88.3,84.1,48.1,69.9,80.0
320,½ðÓÂÇ¿,832345,2023070954559,72.5,82.6,92.8,72.9,51.1,71.3,64.1
321,Ã×Ã÷,530475,2024080627502,72.5,54.8,84.7,75.0,89.8,77.7,53.1
322,ÆëÏþÇà,796117,2024100741759,72.5,75.4,92.3,53.7,85.7,74.7,53.0
323,ÂÞäÞÁá,350668,2019041006840,72.4,80.9,49.4,59.7,86.3,74.1,84.0
324,Ñ¦Ë¬,532133,2019090413315,72.4,92.9,55.7,67.7,69.9,91.6,56.7
325,Æ¤Ç¿¹ó,119426,2020110932655,72.4,86.9,68.3,82.8,49.0,93.3,53.9
326,Ñ¦Ã÷,497181,2022050548118,72.4,73.6,81.9,58.5,66.4,94.0,60.1
327,°ØØ¹µ¤,763979,2023051107918,72.4,85.3,50.5,71.0,80.8,57.5,89.5
328,Ñ¦³É¾ü,568480,2019071168012,72.3,89.2,69.0,54.3,72.0,71.7,77.6
329,ÕÔ½Ü·É,746318,2020010221804,72.3,82.8,92.0,69.6,59.4,61.0,69.1
330,Ç®»Ô,068190,2020100689067,72.3,65.9,94.7,45.9,88.8,71.7,66.7
331,ÑÏÌì,069601,2020111080157,72.3,73.9,94.8,56.9,62.4,53.5,92.3
332,ê°Òã,931353,2022010815317,72.3,85.9,81.8,66.9,49.1,91.2,59.1
333,Òó·¼Óð,383887,2023100658763,72.3,76.4,67.4,76.2,94.7,52.9,66.1
334,ëøÁú,906544,2024080214441,72.3,73.4,73.8,73.0,83.6,84.1,45.9
335,¹ËÓñ,825927,2020010132702,72.2,89.5,94.5,94.7,48.3,59.0,47.2
336,¿µÇí´Ï,137928,2022100142804,72.2,46.8,69.9,88.1,69.4,77.1,81.8
337,ºÍ»¶,575084,2023010188426,72.2,82.9,75.6,86.7,78.5,59.1,50.6
338,ÇüÑÒ,011985,2018060668551,72.1,79.2,78.1,72.2,91.7,65.3,45.9
339,ÃçæýÐã,660745,2019010514518,72.1,91.0,82.7,56.5,55.7,83.1,63.8
340,ÎºÈï¾ý,344903,2021010750317,72.1,82.8,87.1,55.1,74.1,57.5,76.0
341,·¶ÐÇ,576321,2021021032138,72.1,81.8,91.7,68.1,66.3,72.7,52.3
342,³Âè¡,434845,2022110654570,72.1,78.8,58.0,86.7,66.2,86.7,56.2
343,ñ¼²ßÌÚ,273221,2023080682167,72.1,89.5,89.3,46.0,56.7,80.4,70.9
344,Ç®¶¦Á¦,177532,2020060823242,72.0,93.6,62.9,92.4,83.0,53.2,46.8
345,Æî÷ì·ã,726490,2022070399057,72.0,67.5,75.7,54.0,88.9,91.9,54.2
346,ÍôÌ©³½,080710,2023020421022,72.0,81.0,72.1,91.1,62.7,72.7,52.3
347,»ªº£É½,965277,2023100117754,72.0,80.1,69.6,67.5,78.4,90.4,45.7
348,ÈÎóÞÈÙ,772398,2024091119849,72.0,91.7,69.1,49.8,49.9,89.3,82.3
349,ÕÔ¾²,210761,2022060876156,71.9,47.8,78.3,93.0,72.2,51.4,88.4
350,¸µ¿µ¶«,287508,2022091090813,71.9,68.3,52.2,72.4,74.2,87.9,76.6
351,Æî¹âÏé,814207,2023080100706,71.9,89.6,75.9,65.2,49.7,70.3,80.7
352,ÞÉÆ½éÅ,522482,2023111088249,71.9,76.1,58.6,62.9,85.9,89.0,59.1
353,½ªÇÙÑ©,210938,2024080893849,71.9,80.7,67.3,73.0,75.0,87.9,47.6
354,¼Í¼Î,287862,2018010966237,71.8,74.3,73.3,59.5,85.4,46.0,92.2
355,Ç®ÔÂÀò,413766,2021080446666,71.8,66.6,63.9,91.9,75.1,63.1,70.0
356,ÞÉÔÂ,491077,2023060557720,71.8,66.0,47.2,93.8,75.7,77.2,70.6
357,ÅËÒã,234078,2023090147818,71.8,56.6,78.7,92.9,57.8,82.0,63.0
358,µÒÈ«,733372,2024060647256,71.8,80.2,68.4,58.2,79.0,60.6,84.3
359,ÓàÑÞÒÁ,151815,2018040271513,71.7,88.1,58.8,77.4,58.2,83.5,64.3
360,¼ÍµÂ,583534,2020081193450,71.7,90.5,73.1,59.7,59.6,93.9,53.5
361,×£Éú,772301,2022020090106,71.7,78.8,93.6,81.5,46.6,50.2,79.5
362,¿×Èï,179484,2022040908454,71.7,68.2,81.0,70.3,68.2,71.4,71.0
363,ÖÜÁÕÕÑ,125456,2022111105660,71.7,67.3,75.6,73.2,87.6,80.5,46.2
364,ÕÔ±ùÇï,781616,2018010671663,71.6,88.6,61.3,72.9,88.3,55.9,62.4
365,º«ÇíÀò,081291,2019110299110,71.6,51.8,76.8,69.0,90.0,49.5,92.4
366,»ª½à,582441,2020070724126,71.6,80.9,55.7,57.5,54.5,86.2,94.6
367,ÕÂ¹ó½Ü,390310,2023020321009,71.6,63.3,56.2,81.7,93.4,76.9,58.4
368,Ã©ÇàÊç,754727,2018010422732,71.5,81.0,73.3,94.6,56.1,76.3,47.5
369,ÑÏ¸£,015429,2020040912919,71.5,51.1,85.3,67.8,92.8,57.1,74.8
370,ÕÔ·ãÝ¼,705268,2020080946874,71.5,56.3,91.6,71.4,87.2,47.2,75.4
371,ÎºÕæÀò,428423,2023080742336,71.5,62.9,72.2,91.0,77.8,58.2,67.0
372,ÇØÜ°ÇÉ,298132,2024090323229,71.5,55.3,60.9,76.7,81.0,62.7,92.3
373,ÆîÀöÃÎ,164961,2024100966123,71.5,63.0,65.4,80.6,60.0,76.5,83.7
374,ñÒ³½,837175,2021010157503,71.4,84.4,58.7,77.1,77.9,76.8,53.4
375,ÅËÈ«Ì©,876296,2022020989663,71.4,81.2,55.8,61.2,80.4,90.2,59.8
376,ÎÀ³ÉÓÂ,845398,2022060109840,71.4,64.9,76.8,89.6,62.1,72.5,62.6
377,»ª¹ãÖÂ,511815,2023010921567,71.4,81.6,62.2,57.1,90.8,60.2,76.6
378,ÛºÓÀ,312428,2024110442808,71.4,76.6,57.9,90.9,89.3,64.4,49.5
379,¿µÎÄ,141611,2019030281135,71.3,50.4,56.5,73.9,88.5,92.4,65.8
380,Ê·æ«,145428,2021050502808,71.3,84.9,77.0,73.2,47.0,76.4,69.5
381,Ê·æ·Õæ,140465,2021060576517,71.3,78.7,67.1,49.4,90.5,50.5,91.7
382,ÆÝ¾û·ç,778820,2022010752012,71.3,83.6,70.3,74.7,80.0,49.9,69.3
383,ÓÚ¹ãÃú,882633,2022070703353,71.3,68.0,73.0,81.6,85.3,73.0,46.8
384,ÓáÔªÑ§,492661,2023061136102,71.3,54.1,64.4,75.6,94.5,66.6,72.8
385,ÃÏÁ¦,694605,2024051220520,71.3,65.2,60.0,82.3,79.5,46.5,94.2
386,³ÂÊ¢,226001,2018010710167,71.2,91.3,67.9,58.7,55.8,70.7,83.0
387,Ç®¼Ñ,438902,2018090310264,71.2,56.0,60.7,91.4,63.5,65.1,90.4
388,°²Éú,223253,2019050715334,71.2,83.9,45.8,78.7,64.5,65.2,89.2
389,Ñ¦ÃÀ,811205,2019090690517,71.2,66.4,62.0,67.4,90.9,53.9,86.7
390,ÌÆ¾§,011396,2019110459659,71.2,70.3,93.7,60.2,78.9,49.2,74.8
391,Ðíº½Ã¯,716330,2019111133047,71.2,55.2,46.2,81.3,94.9,76.2,73.6
392,ËÎÒã,705419,2020100081904,71.2,76.7,47.4,55.3,84.8,77.2,85.6
393,¿µÆ½Ê¿,955643,2021060904320,71.2,74.7,47.5,69.4,90.1,89.8,55.6
394,Á®Ê¿¶«,431692,2022030119271,71.2,87.9,61.5,68.8,67.2,81.1,60.7
395,Ð»³É,029126,2019020022632,71.1,57.6,73.3,47.5,71.7,82.2,94.3
396,»Æ·çº£,588309,2022070960902,71.1,86.4,80.2,79.0,60.7,72.3,47.9
397,Ñ¦Ê¢,406062,2023060786249,71.1,56.9,67.9,67.7,57.4,93.3,83.7
398,¿µè´,325990,2024031129036,71.1,52.8,88.9,79.2,61.1,77.9,66.8
399,ÎéÃú,243155,2018050465540,71.0,66.6,45.8,88.3,90.4,89.2,45.5
400,Á®ÓñÕä,197558,2021071005815,71.0,57.2,91.0,75.6,63.3,66.0,72.7
401,²ýÃ÷ÐË,509258,2022050495810,71.0,77.4,84.5,91.7,47.3,46.7,78.2
402,ÎâÑã,036795,2022120899516,71.0,79.8,75.2,48.6,73.1,56.8,92.5
403,ÆÝÒå,702038,2023040973823,71.0,86.1,88.1,67.4,46.4,54.8,83.1
404,ÀÖÖÂ,931980,2024110118047,71.0,86.8,85.7,63.9,50.0,93.8,45.7
405,ê°È«,250234,2024110623415,71.0,65.8,78.3,67.9,62.6,72.3,79.0
406,Æ½¹ÚÊ÷,187230,2018041233062,70.9,56.7,52.5,57.0,74.8,92.6,92.0
407,Ö£Á«¹ð,096542,2023051024261,70.9,62.8,74.5,90.7,62.8,83.8,50.5
408,Îº¾ü,450732,2024070743205,70.9,72.1,78.6,77.5,64.1,56.6,76.7
409,ÆîÇà,054165,2018101226575,70.8,57.7,84.4,78.1,54.4,63.8,86.5
410,ÈÎµÂÊ¿,636061,2020030546141,70.8,48.2,87.9,67.2,60.1,72.3,89.2
411,°²Ó¢Ô·,170350,2022090835065,70.8,51.8,81.6,63.1,71.7,80.8,75.6
412,ËïÙ»¼Î,154499,2023030139906,70.8,82.4,49.3,92.5,53.5,79.6,67.8
413,·ü·¢,434588,2024050578805,70.8,60.3,91.5,53.2,51.1,85.7,82.8
414,Óá·å,699612,2019050381273,70.7,84.1,54.0,70.4,52.8,89.4,73.2
415,ÆîÁÕ,426921,2019050862116,70.7,48.2,51.2,85.8,67.2,83.3,88.7
416,Âí»·,505091,2020081079120,70.7,69.0,57.3,70.7,82.0,62.2,83.1
417,ÂíÖÐ¹â,340967,2018010426760,70.6,67.1,84.7,47.5,56.7,78.3,89.3
418,¶­ÒÔ,532357,2018020815767,70.6,84.6,85.4,48.4,62.6,65.4,77.0
419,Åíæµ¿É,098086,2018060178669,70.6,57.3,57.4,58.9,93.7,70.2,86.4
420,ÎéºÉ·Æ,634544,2018120094460,70.6,50.0,75.3,88.0,75.0,76.6,58.7
421,ÑÏ¼Ñ,214154,2019040565429,70.6,47.2,68.5,81.5,89.5,87.5,49.7
422,ÅíÒÇ,792379,2019100437963,70.6,49.4,73.0,48.2,90.9,94.1,68.0
423,ÂÞºì,107760,2019110566027,70.6,62.0,75.0,47.6,92.7,66.6,79.9
424,ÂÀÐÐÔª,223636,2021040693639,70.6,70.4,67.6,86.1,55.5,67.6,76.5
425,Âí½¨,107617,2019100801709,70.5,54.8,66.3,75.0,77.4,67.6,81.9
426,ÈÎÃÀö°,794154,2019120245409,70.5,49.2,67.0,94.6,54.1,94.8,63.1
427,ÅÓ¹Ú,803299,2020090779901,70.5,47.6,76.0,89.7,74.9,63.6,71.2
428,¸ð·ïèµ,105183,2021080738324,70.5,56.1,49.9,88.3,72.4,80.7,75.3
429,À×Ë¼,195066,2021081076607,70.5,50.1,68.4,88.8,88.3,79.7,47.5
430,ÎºÜ°¶ð,584632,2022010663237,70.5,45.4,64.8,67.9,91.1,92.2,61.4
431,³Â¸Õ¹Ú,609258,2023051025810,70.5,60.0,80.6,54.0,75.9,84.6,67.8
432,ÀÉÑÞÓ°,086228,2023070322873,70.5,80.5,67.7,71.0,76.8,64.3,62.9
433,ÂÀ»Ô,543150,2023100365039,70.5,75.3,74.7,71.1,77.1,69.2,55.9
434,ÑîÁ¦,305582,2018030108248,70.4,73.4,59.9,74.5,91.6,47.7,75.6
435,ÅíÖñ,724432,2018061233248,70.4,80.4,57.7,64.5,68.1,79.5,72.1
436,Ë®ÑÞÍñ,251891,2019030019111,70.4,66.5,76.3,45.6,55.0,92.3,86.5
437,Éò°®ÔÂ,425949,2020080674942,70.4,56.3,85.2,47.7,69.8,87.5,76.0
438,Ö£Ñ×Á¼,120434,2021060553421,70.4,69.5,48.0,76.5,81.0,59.6,87.9
439,ÄÂÁáæÂ,903321,2022050482163,70.4,50.1,51.5,87.8,94.5,82.4,56.2
440,Ê·»ª½à,576399,2022080079910,70.4,67.3,75.8,67.1,57.4,84.9,69.7
441,±´ÑÇ,754291,2024060599126,70.4,72.9,52.7,67.8,87.1,56.8,84.9
442,ÚùÄÈ,619319,2024090091914,70.4,52.1,90.9,89.5,64.2,62.3,63.4
443,Ò¦ÐËÆ½,062321,2018061212159,70.3,70.5,65.6,59.7,61.1,91.5,73.3
444,¼Í»·Ó±,926068,2019120836814,70.3,68.0,72.4,76.3,83.9,71.4,49.6
445,Éò½¨,617560,2023011186058,70.3,52.0,82.5,94.8,50.4,77.8,64.2
446,Ö£ÔÆ,436169,2023060356918,70.3,54.7,68.8,62.4,83.5,86.0,66.6
447,ÉÛÌ©½Ü,575946,2023100064628,70.3,50.4,64.0,74.5,86.8,53.8,92.3
448,Ê·Ó°Ü¿,526152,2018120915260,70.2,92.2,78.5,58.0,58.2,49.9,84.5
449,ÃçÂ¶·ã,677506,2019030030627,70.2,56.1,64.1,80.9,50.6,84.1,85.4
450,Ì¸ÇÚÝº,433917,2019070801748,70.2,90.3,45.2,82.6,48.2,73.7,81.3
451,ÓÚ´Ï,058498,2019080659810,70.2,64.9,78.8,58.4,76.6,84.7,57.8
452,ÅË¸»,324270,2019120687022,70.2,83.6,66.7,81.3,59.6,79.7,50.5
453,¹ËÔÃð¥,593275,2021100267570,70.2,69.1,85.1,75.6,52.3,82.1,57.3
454,ÇØÄÈÓ°,217922,2019080652228,70.1,72.0,67.7,88.7,86.5,53.6,52.2
455,ÎéÌ©,708126,2020070982662,70.1,87.4,46.2,72.1,84.8,80.3,49.9
456,·ü¾û,207298,2021040489813,70.1,54.1,49.2,69.8,81.4,81.6,84.4
457,Ã©»ª,599611,2021091251132,70.1,49.8,68.2,71.5,67.9,86.1,77.0
458,ºÂ±£,578049,2022100174939,70.1,64.1,86.0,61.7,60.3,67.5,81.0
459,Áº¼Ò,240356,2023030465646,70.1,89.3,93.8,58.9,53.4,51.1,74.0
460,ÔÆÝ¼µ¤,734639,2023090643966,70.1,66.1,80.7,93.6,71.8,59.3,49.0
461,×£ÊÀ,874703,2024010050373,70.1,45.8,56.0,86.7,94.6,47.2,90.1
462,·ïÜø,449109,2018100430901,70.0,92.1,57.7,46.9,79.4,84.9,59.0
463,ÓÚ·çéÅ,491535,2019090563567,70.0,77.1,73.8,50.0,77.5,71.8,69.7
464,ê°Ôª,614499,2021020169952,70.0,94.6,51.3,64.9,77.9,48.4,83.0
465,Ò¦Àó,373859,2023100275931,70.0,52.2,88.0,56.1,91.7,48.7,83.0
466,ÆëÐÂÇå,006037,2024030883732,70.0,83.2,57.6,78.4,54.5,91.9,54.4
467,Ã÷Êç,758748,2018040394856,69.9,68.1,81.9,49.0,87.1,73.2,59.8
468,·¶É½Îä,250361,2019010716164,69.9,79.7,62.1,79.5,67.0,50.7,80.6
469,Ã©º£Ê¿,191346,2021021024634,69.9,55.8,66.3,89.6,64.3,49.4,93.9
470,±ÏÐãº®,836977,2023080967754,69.9,46.9,74.8,76.3,72.6,65.5,83.3
471,Ã÷Ê÷Ë³,549299,2023110509904,69.9,67.1,61.8,90.5,51.7,76.7,71.9
472,Ò¦²ßÎÄ,741961,2024020046123,69.9,50.1,77.1,64.2,85.0,61.9,81.2
473,ÍôÇå,056993,2024121139302,69.9,66.6,56.9,92.8,73.2,58.1,71.9
474,ÍôÒ¶,463862,2018040716203,69.8,87.7,80.3,60.6,83.6,52.0,54.3
475,ÕÔÖ¾,184606,2018080680657,69.8,50.4,82.2,93.2,91.7,45.7,55.6
476,¿°´º,186904,2018090410447,69.8,62.4,74.2,89.1,47.0,85.2,61.2
477,ÚùÓ°,613270,2018110087010,69.8,90.7,73.1,63.7,64.9,75.2,51.2
478,·½»¶Äþ,536744,2019100404466,69.8,82.4,75.4,53.6,51.8,73.4,82.2
479,³£Ï¼ÑÞ,049268,2020110976817,69.8,82.5,73.3,93.1,50.5,72.7,46.7
480,Æîº½,486854,2021070155448,69.8,78.8,86.8,58.5,70.9,60.1,63.9
481,²ÜÀûÐÅ,513390,2021111069044,69.8,86.6,46.6,58.4,73.5,75.0,78.7
482,ÆîÃ¼Ó¢,795794,2022040139456,69.8,88.2,81.8,73.9,58.0,64.4,52.8
483,ÄÂÈÚÇä,471772,2023070657229,69.8,77.7,50.9,57.6,50.2,90.7,91.5
484,ÌÀçþËØ,449406,2024050160669,69.8,90.2,90.1,57.5,77.5,48.7,54.7
485,²ý¹ó,189876,2024090037617,69.8,92.0,48.1,94.3,63.0,52.8,68.4
486,±«Æ½,527769,2024091176964,69.8,70.7,63.0,62.4,63.7,94.9,63.9
487,¼ÍÀó,980198,2018110739813,69.7,87.1,58.2,75.5,79.4,68.8,49.3
488,Ê·ÑÇ,793593,2020020299308,69.7,51.0,78.1,57.8,75.5,63.2,92.8
489,ºÂÇï,323459,2021010745907,69.7,53.5,74.9,90.3,62.9,87.0,49.4
490,Ô¬Æ½,938633,2023040863341,69.7,64.8,69.0,84.6,52.4,56.1,91.0
491,ëø»¶,271351,2024101085105,69.7,58.6,76.5,71.9,72.5,58.8,79.7
492,Íô¹Ú,742667,2018050106735,69.6,60.4,51.5,87.2,86.0,75.5,57.2
493,Ð»ÖÂ,452493,2020080799301,69.6,60.0,75.6,62.6,68.1,72.8,78.5
494,×ÞÃ÷,540648,2021111224813,69.6,68.8,73.4,48.4,61.5,74.0,91.7
495,²·Ü¿,180933,2022101093313,69.6,68.9,69.1,66.4,77.7,59.7,76.1
496,ÖìÞ±Ýº,869536,2024030463646,69.6,48.0,45.3,92.1,58.8,85.9,87.7
497,Ó÷Þ±,831702,2024111030201,69.6,60.4,80.3,48.6,54.3,89.4,84.8
498,Ñîµ¤ÇÉ,252337,2018060143713,69.5,65.8,73.8,60.2,76.4,88.4,52.2
499,±Ïèª,669465,2018060406560,69.5,94.3,47.2,72.6,52.0,81.9,69.0
500,»Æçù,282947,2019080904749,69.5,83.8,55.0,83.7,71.1,65.2,58.2
501,ÐíÑÇ,348437,2019120263742,69.5,64.4,76.1,73.5,76.8,60.4,65.9
502,ÌÀÐÀ,828851,2020011005122,69.5,56.7,75.2,60.6,49.5,88.1,87.2
503,·üÌ©,970714,2022020741425,69.5,47.6,81.2,65.2,94.4,66.9,62.0
504,ÞÉÊÀ,315078,2023040967828,69.5,53.4,71.2,63.3,91.6,53.9,83.5
505,»ÆÐÛÌ©,962283,2023050748367,69.5,78.0,85.6,48.5,92.3,62.1,50.6
506,ÅÓÃ·ÔÆ,538138,2023090553810,69.5,82.6,69.1,91.3,54.7,50.7,68.5
507,»ÆÑ©Ó¢,562034,2024070103473,69.5,57.6,74.4,77.9,88.7,69.2,49.2
508,ÆÝ»·,865553,2018060785335,69.4,83.3,59.9,80.9,49.7,61.0,81.3
509,Æî·ÉÑ§,973565,2019040906510,69.4,60.4,47.6,78.9,72.6,64.6,92.1
510,ÎºÉúÉ½,547610,2019060561019,69.4,64.3,82.9,77.5,85.4,56.0,50.0
511,Ê··å,245742,2019110874225,69.4,63.1,59.2,74.4,55.0,83.8,81.0
512,µÒÈÙ,125088,2019120368806,69.4,49.0,84.4,66.4,51.1,74.5,90.9
513,¿µÊç»ª,252299,2024030839906,69.4,69.9,70.5,69.8,54.2,87.4,64.4
514,Ïô·ãº®,827476,2024070947638,69.4,79.6,57.8,77.5,67.6,61.7,72.4
515,Óá°®,459841,2018010704168,69.3,77.9,67.8,84.5,75.0,47.4,63.4
516,ÎÀØ¹,532622,2020060172227,69.3,59.3,71.5,83.4,65.7,83.4,52.2
517,ÀîÁá,366442,2021031134267,69.3,82.5,55.3,56.2,87.6,65.3,68.7
518,ÉòÊ÷,079092,2021050059256,69.3,82.3,47.2,85.0,53.4,89.8,58.2
519,ÆÝÕê,990640,2021050354027,69.3,65.3,51.8,92.2,68.5,82.8,55.2
520,Éò³É,788606,2021120360664,69.3,58.3,47.7,76.6,53.7,94.2,85.5
521,Çü÷ìèµ,497962,2024010656236,69.3,63.4,79.4,61.8,60.2,78.8,72.4
522,ÅËÈðÑÞ,820962,2018060166229,69.2,45.8,56.3,59.9,90.8,82.0,80.6
523,Ã×Èð,185549,2020050294954,69.2,88.4,76.3,58.5,59.5,84.5,48.1
524,Òó×Ó,190679,2020080187930,69.2,71.2,46.1,65.3,76.0,73.4,83.2
525,ÅíÔÆ,609167,2021100026739,69.2,71.3,56.4,90.5,59.3,55.3,82.2
526,·ëÓ½Ó¢,960181,2023080218163,69.2,57.6,88.1,69.5,63.7,75.9,60.7
527,ÖÜè´,203700,2024020270022,69.2,72.4,71.6,62.8,70.3,54.6,83.3
528,½¯·ã,852503,2024060950305,69.2,83.3,61.2,50.3,94.8,71.1,54.5
529,Ë®çù,330815,2024061151528,69.2,62.3,77.1,60.6,80.9,86.2,48.1
530,²ý±òÔª,120368,2020100976861,69.1,58.4,84.8,52.8,76.7,81.8,60.2
531,ÅíÉ¯,123496,2021010589634,69.1,92.9,73.8,90.1,50.3,54.1,53.6
532,º«Äþ,807062,2022100536242,69.1,50.1,92.7,65.1,47.0,70.3,89.2
533,ÎºÁ«,289191,2023100179103,69.1,74.0,74.6,89.2,55.6,69.7,51.6
534,±å½àæ¼,016487,2024040348754,69.1,70.6,58.0,80.9,80.8,71.4,52.6
535,ÕÂÒã³É,779061,2019020246116,69.0,57.8,56.0,65.2,54.7,85.6,94.8
536,ÀÉÌ©¶¦,622958,2019090845871,69.0,72.9,59.9,58.0,76.1,92.1,55.0
537,ÅËÒã,475937,2020101003750,69.0,90.4,60.9,80.8,47.4,68.6,65.8
538,ÁøË³,449021,2023010392135,69.0,49.8,92.5,53.2,84.1,51.0,83.7
539,Ô¬Ô°¶ð,991383,2023110368334,69.0,91.0,89.3,48.9,52.8,54.7,77.6
540,ÕÅº½ÐÛ,087063,2019010776373,68.9,48.4,89.2,64.5,48.4,75.9,87.1
541,ÊæÓ½Æ¼,897842,2019050854204,68.9,50.7,80.2,61.5,89.3,63.8,67.7
542,ÌÕÑþ,334724,2020080762453,68.9,82.9,48.6,66.6,73.1,66.8,75.6
543,ÊæÐÇ,107797,2021010899748,68.9,47.2,92.9,80.1,60.5,86.8,46.1
544,ÞÉÇ¿,580072,2021040067229,68.9,58.2,62.6,80.2,67.5,82.2,62.6
545,ÕÅÁúÊ¤,424348,2022050484864,68.9,55.5,70.8,75.3,76.0,82.9,52.6
546,Ó÷ÖÂ,308261,2024110366123,68.9,69.1,94.8,58.6,62.1,60.0,68.6
547,¸µÃúÒå,255797,2024120429701,68.9,58.2,52.1,82.3,69.6,80.7,70.6
548,Ã©¸ÕÒå,560134,2018050633402,68.8,71.2,53.8,77.8,85.8,76.2,48.0
549,ÒüË¬Ã¼,297201,2018120290116,68.8,55.4,54.8,50.4,88.3,83.1,80.6
550,³ÂÃ÷,319234,2019060033410,68.8,89.1,54.2,67.2,69.8,61.2,71.0
551,°²ÃÃÕä,671444,2020020254466,68.8,69.5,65.0,64.1,86.9,69.7,57.9
552,ÑîäÞ,866744,2021030914470,68.8,63.3,91.4,51.2,83.8,76.6,46.8
553,Ôª¼ÑæÂ,370072,2021111167235,68.8,88.9,85.6,57.5,67.2,58.5,55.3
554,Ê·è¡,383439,2023020813926,68.8,62.8,57.2,55.6,72.5,88.5,75.9
555,ÄÂÀò·²,500190,2023040279023,68.8,65.9,88.3,58.6,58.3,86.7,55.0
556,´÷Ø¹·Ò,807017,2019070201753,68.7,76.8,69.6,62.3,70.3,56.5,76.5
557,ÎÀÖÂ,555640,2019080114063,68.7,60.5,66.4,80.2,49.0,71.1,85.2
558,Ë®¸Õ¶¦,270514,2019121081472,68.7,46.4,89.5,69.4,49.7,69.5,87.9
559,ÅÓË³,717105,2020060150505,68.7,57.7,76.7,64.1,84.6,54.3,74.5
560,³Â·Æ,209662,2021020726259,68.7,93.4,65.2,51.3,58.3,68.7,75.0
561,½ªÑ§,189012,2022111131228,68.7,82.0,53.1,47.2,91.7,53.0,85.3
562,¼ÍÔÂ,212275,2024070347514,68.7,50.8,79.3,54.3,88.5,93.2,46.1
563,ºÎæÃäÞ,985820,2024080672035,68.7,57.4,77.4,45.5,70.0,92.2,69.5
564,Âí¸£éª,616170,2020121187074,68.6,59.7,72.0,65.0,62.0,85.9,67.2
565,Îº¿É,236703,2022121000330,68.6,89.2,93.4,66.7,48.0,67.4,46.9
566,¹Ë¶¦,197379,2022121227929,68.6,63.1,59.8,53.8,56.7,91.9,86.5
567,ºÎÈð,420094,2023021129458,68.6,91.5,78.7,50.1,62.8,77.8,50.8
568,ÌÕÃú¿¡,406048,2018010404813,68.5,61.4,95.0,60.5,83.4,63.6,47.2
569,ÞÉÜ¿Ø¹,505013,2018070061370,68.5,77.3,45.2,89.9,55.6,86.4,56.9
570,ËïÖÂ,623131,2018120163138,68.5,68.4,91.0,50.6,49.5,62.0,89.6
571,Ë®ÇÙ,846445,2019010574570,68.5,51.2,86.7,63.0,55.3,83.6,71.4
572,Òü³½,142592,2020030449209,68.5,52.2,87.1,65.0,53.4,82.1,71.0
573,µÒÄþ,416596,2020060769630,68.5,53.6,47.7,85.3,84.7,68.7,71.2
574,Ã«ÓñæÂ,402032,2020110693258,68.5,69.1,53.5,67.1,83.0,53.9,84.5
575,Òü±òè¡,195111,2021120791140,68.5,88.4,47.8,47.4,93.1,49.2,85.1
576,Éòæ¿ÕÑ,881164,2023081246414,68.5,78.5,76.2,55.2,47.6,85.1,68.6
577,Ö£ÈØ,209030,2023110183071,68.5,74.9,55.9,84.8,63.3,67.5,64.4
578,ÄÂºì,840463,2023120396312,68.5,76.5,50.9,85.0,58.1,59.2,81.4
579,¹ËÃÃ,454206,2024020810607,68.5,48.4,63.8,76.9,63.3,94.7,63.7
580,½¯Ê÷³É,076602,2024030920226,68.5,77.5,55.2,78.7,52.3,74.0,73.4
581,Ñî²Å,991203,2018050510343,68.4,64.6,79.9,91.7,48.1,80.2,45.7
582,ÃÏÕê½õ,645768,2019030806859,68.4,68.5,48.6,91.2,89.8,60.2,51.8
583,Ã«È«éÅ,487926,2022120612640,68.4,79.2,87.9,55.5,58.8,65.2,63.8
584,¿×Èðæ¿,481575,2023011257501,68.4,91.3,45.6,68.9,82.4,59.0,63.1
585,ÒüÖ¦,077698,2023050169844,68.4,89.5,62.2,76.0,45.4,89.3,47.9
586,ÁºÁ¦,894851,2019050215106,68.3,53.7,74.5,87.4,75.1,55.7,63.3
587,ÕÅ²ÅÐÛ,279297,2019090439717,68.3,52.0,89.5,47.9,62.8,92.0,65.7
588,ê°æ¼,837889,2019120488942,68.3,49.7,57.5,85.0,79.4,57.5,80.8
589,·Ñ¾ê·¼,952861,2020060606123,68.3,55.5,82.2,82.1,84.5,54.4,51.2
590,Óí°®Éº,652747,2020090664721,68.3,75.2,80.3,45.0,45.4,86.4,77.6
591,ÕÂº£,816914,2022081171423,68.3,68.8,73.6,87.6,79.0,52.9,47.7
592,ÇØÖ¥»·,437796,2023091189616,68.3,79.2,89.6,60.1,52.6,59.6,68.6
593,Æ½Á¦±£,844320,2024020482052,68.3,46.6,46.5,68.7,61.0,94.8,92.2
594,Ãç´ä,635702,2024030300218,68.3,56.4,89.9,62.6,69.8,80.9,50.1
595,ÂÀÖñº®,488647,2019010514710,68.2,60.2,60.2,73.0,82.1,46.3,87.3
596,ÁºÆ®,737541,2019051044139,68.2,66.9,52.9,88.7,69.7,77.4,53.7
597,¸µÑÅÒÇ,670918,2020010791859,68.2,56.3,54.7,47.7,64.0,92.8,94.0
598,ÄÂÖñ½õ,526260,2020040856056,68.2,70.9,59.9,93.7,60.9,54.5,69.5
599,Ã×Ãú,139739,2020050063914,68.2,66.5,89.5,53.5,65.7,47.5,86.7
600,ÇØÜ°ÑÅ,010603,2021030220338,68.2,80.3,51.2,73.8,76.3,64.7,62.6
601,ÏôÑÅÇä,378516,2021040611635,68.2,65.6,56.8,89.1,58.1,56.9,82.5
602,Ë®ºÉ,437658,2024010505839,68.2,56.7,62.3,47.6,89.8,85.9,67.2
603,Ö£Æ¼,096506,2024080200675,68.2,83.2,64.5,77.7,65.1,54.3,64.2
604,ÕÅÐÅ,448361,2019010436141,68.1,51.0,65.6,57.2,85.0,74.1,75.5
605,½¯ÐËÈÊ,045306,2020070130630,68.1,63.5,54.3,78.8,73.8,81.3,57.1
606,ÀîÔÆÒÁ,455355,2021070935503,68.1,51.7,51.0,78.7,71.1,74.6,81.3
607,Òü½¡,820481,2021110328134,68.1,62.4,51.4,50.6,83.3,90.4,70.6
608,¸ðÉú»Ô,435942,2022040274245,68.1,67.0,73.3,61.1,76.8,54.8,75.5
609,·ïÃ÷,592355,2022060035565,68.1,55.5,62.0,57.0,91.3,49.2,93.4
610,ÎÀè¡,412453,2022071145320,68.1,60.3,77.4,63.8,59.1,85.4,62.9
611,»ªÊæ,228456,2019080275646,68.0,88.5,48.7,70.5,74.9,61.7,63.6
612,ºÍÐÇÉú,429629,2020120662942,68.0,81.9,85.2,59.8,76.1,57.3,47.7
613,½ðÁúÈ«,916975,2022080867542,68.0,76.1,73.3,51.0,77.3,54.1,76.1
614,Á®±£,823662,2023020246251,68.0,48.8,52.4,72.5,91.4,60.9,82.3
615,Ê©Ê÷,975783,2024070548354,68.0,87.8,52.5,85.1,50.1,79.1,53.4
616,²·Ê¤Áú,177717,2024070701714,68.0,64.8,57.0,77.0,76.5,57.8,74.7
617,Îâ¾ÕÀö,104265,2018080116504,67.9,86.7,46.9,62.0,55.6,75.1,80.9
618,Òü´º,630287,2019020588751,67.9,74.2,85.1,50.5,69.4,68.3,60.1
619,ÊæÆ®,821584,2019070818463,67.9,80.9,94.2,66.5,55.3,45.2,65.1
620,Æëæ·æ¯,352401,2021061170135,67.9,62.8,94.4,77.7,67.2,58.7,46.9
621,ÎÀÊç,561231,2022070683126,67.9,81.9,66.4,56.1,65.9,85.8,51.0
622,Ö£ÑÞºÉ,710650,2022110845054,67.9,71.8,50.6,49.0,54.9,88.3,92.7
623,Ëïèª,918565,2023110166569,67.9,67.9,55.0,79.1,73.1,59.6,72.4
624,ñ¼½¡Ïé,945049,2023120914934,67.9,57.0,74.5,46.0,86.1,75.7,68.0
625,½ª·É,275069,2024010976931,67.9,65.5,49.0,82.1,55.7,66.8,88.1
626,ÅÓÁ¦,404151,2020010675151,67.8,49.4,81.1,74.4,72.4,72.7,56.6
627,Ë®½¡ÌÚ,907639,2021020853967,67.8,74.7,52.0,87.5,84.0,61.3,47.5
628,ºØÌÚéª,718555,2021030285533,67.8,48.0,91.3,76.2,58.4,80.8,52.0
629,ÕÅ¾Õ,783288,2021090828842,67.8,77.4,72.2,84.0,59.0,69.0,45.3
630,Ó÷¶¦°²,543064,2022040516446,67.8,52.6,46.9,69.0,62.1,94.9,81.5
631,ÐÜ´¿,641001,2023020190172,67.8,65.6,51.3,77.8,50.5,71.4,89.9
632,ÛºÁ¼,233180,2023090038049,67.8,72.7,56.6,88.0,63.6,65.1,60.9
633,ÎâÖ¾,770473,2019060027306,67.7,84.2,62.0,71.0,49.0,92.5,47.3
634,Ð»¼§,742463,2020111176341,67.7,47.9,79.1,62.1,90.7,62.9,63.3
635,ÇØ½¡,330753,2021070995356,67.7,66.5,62.0,74.0,75.8,58.6,69.0
636,Ò¦ÒÇºÉ,376264,2023101146447,67.7,53.2,66.3,50.6,84.7,64.6,86.9
637,Ò¦Ö¦,271376,2024050707649,67.7,84.5,72.9,67.2,60.0,67.0,54.4
638,²·ÒÕçù,047978,2019020697844,67.6,74.8,65.6,79.8,54.9,58.2,72.1
639,ÔÆÏþÜç,040118,2021050281802,67.6,61.5,88.8,49.5,65.7,60.3,80.1
640,Çü¸ÕÑ×,674109,2021080100942,67.6,89.0,53.8,77.2,47.8,79.3,58.7
641,Ê·ÈÚ,030603,2022040170325,67.6,69.7,59.6,56.1,73.6,55.1,91.5
642,ÛºÒÁ,665968,2022070246801,67.6,62.4,48.1,69.3,61.9,88.7,75.4
643,³ÉÐÂ¸Õ,338264,2019020956421,67.5,52.6,79.0,93.1,47.9,61.5,71.0
644,Ã×èµÑà,943525,2020020052529,67.5,82.9,47.3,91.4,61.9,73.3,48.5
645,ÏôÊ¿,695952,2020080245246,67.5,63.7,63.2,84.0,52.0,55.1,87.2
646,ÀÖÑ×Ìì,948659,2021060775954,67.5,48.4,83.7,64.7,81.7,54.8,71.7
647,½ðÍñ÷ì,878730,2022071133038,67.5,92.9,56.7,80.9,58.1,60.1,56.2
648,¸ð´¿,614551,2022090885116,67.5,79.1,53.8,73.5,58.5,65.1,75.3
649,À×ÈÙ,903526,2022120512624,67.5,92.1,57.1,71.0,76.1,51.3,57.4
650,²ÜÐÇ,881708,2023050030869,67.5,60.4,90.3,73.0,60.0,47.8,73.3
651,ÎâÀ½,143973,2024110167374,67.5,93.8,50.2,71.0,51.4,60.1,78.4
652,Ê·Ë³Òå,386169,2019030856940,67.4,85.0,54.1,78.8,53.1,67.8,65.8
653,³£ÕêÒÇ,342499,2019120609972,67.4,82.6,65.4,52.6,62.7,63.3,77.5
654,ËÎÈÚ,883590,2021120749002,67.4,76.8,68.9,50.7,52.6,88.0,67.6
655,Îâ´¿óÞ,627758,2022020865830,67.4,63.8,71.9,85.1,76.9,61.7,45.2
656,ÇüÉ½ÌÚ,688680,2022070398075,67.4,45.6,69.5,70.6,58.8,93.5,66.5
657,Ç®»ÝÒÕ,318835,2024080833518,67.4,83.8,60.7,46.0,86.3,68.0,59.7
658,Úùèµè´,305622,2024090102259,67.4,93.2,55.3,55.6,68.2,60.8,71.1
659,²·èª,870715,2018050641506,67.3,85.7,79.9,45.3,68.4,60.2,64.1
660,ÎÀÑÇ,451753,2020020435325,67.3,59.4,58.6,92.0,53.2,62.2,78.4
661,ÔªÀ½,832242,2021011124246,67.3,72.4,51.1,75.6,48.4,62.6,93.6
662,Á®ö°,745695,2022030239563,67.3,58.7,81.9,63.8,83.0,57.4,59.0
663,á¯Èáæ¯,454688,2024030898821,67.3,89.7,50.9,58.0,56.7,90.0,58.5
664,Æ¤ÖÐÓÀ,568598,2019031129842,67.2,94.3,55.2,62.1,52.9,93.0,45.6
665,ê°¿¡±ò,248592,2020021209254,67.2,62.7,89.1,68.0,47.6,53.4,82.7
666,ÄÂ·çÊ¢,531895,2020060939569,67.2,62.4,59.8,71.1,69.8,50.7,89.3
667,ÂÞÊÀ·¢,914230,2020091183072,67.2,63.1,58.3,68.4,82.2,47.1,83.9
668,Ã©ÐË,370552,2021080785257,67.2,76.1,50.6,62.2,62.8,59.5,92.1
669,Îº¿¡¶¦,368163,2022020436337,67.2,50.4,52.4,84.9,89.8,76.5,49.0
670,×Þ·É,345736,2023061193641,67.2,70.8,84.9,60.6,65.2,56.9,64.8
671,»ÆÃ·,722734,2024060453426,67.2,86.3,47.8,69.8,92.2,46.4,60.6
672,Ë®É½·ç,233584,2018020468448,67.1,50.4,93.8,60.3,71.5,64.3,62.2
673,Äß±ù,335113,2019090751344,67.1,56.3,53.2,76.9,46.8,75.6,93.8
674,Ò¦Ç¿ÖÂ,616494,2021020049412,67.1,86.3,46.0,86.1,49.2,46.0,88.9
675,ºÍÓÀ,294795,2021040699532,67.1,46.8,91.7,46.1,89.3,70.9,57.8
676,ÔªÃÀ,984165,2023020416542,67.1,73.1,46.7,46.2,75.1,92.0,69.7
677,»ªÖ¥,606855,2023040805560,67.1,53.3,57.0,72.5,88.4,55.2,76.2
678,Ñ¦·¼,000484,2024020408426,67.1,58.4,57.3,75.9,79.2,73.3,58.5
679,½¯Ô·¾§,044138,2018010953818,67.0,68.0,62.5,69.8,85.0,55.4,61.3
680,ËÕÈÊÌ©,572569,2018080726964,67.0,81.1,61.6,63.6,87.0,47.6,60.9
681,Ç®¸»,232880,2019070368056,67.0,93.2,58.9,46.0,85.8,64.1,53.9
682,À×¸Õ¹ã,721883,2021111198335,67.0,87.9,77.6,48.3,93.5,46.6,48.4
683,º«ÒË,961048,2024111114803,67.0,46.4,54.4,94.1,62.5,74.5,69.8
684,Á®Ç¿ÐÐ,308474,2018030837429,66.9,80.6,76.8,78.4,53.7,50.3,61.4
685,¼ÆÆ¼ÇÉ,346366,2019010566672,66.9,63.9,84.3,49.5,72.5,57.3,73.8
686,ÓíÐÇ,969605,2020050320532,66.9,53.8,75.6,83.5,47.2,57.6,83.5
687,ÄÂµÂ,839999,2020060279929,66.9,55.6,78.1,69.5,81.2,52.5,64.4
688,ÁøÄþË¼,194615,2018071201530,66.8,56.9,45.7,81.2,89.9,60.5,66.5
689,³ÂÓ½Ïã,356560,2019120946022,66.8,56.0,66.2,78.4,80.2,52.7,67.3
690,ºÍº£,960363,2021040256345,66.8,93.8,45.4,61.5,69.4,61.4,69.5
691,Áø×ÓÄþ,229035,2021110253501,66.8,94.1,53.2,59.9,55.8,55.2,82.6
692,ÓÚ·ïÃÃ,267241,2022070744115,66.8,55.0,65.2,55.0,70.6,94.8,60.3
693,»ªæ«,757493,2018020169362,66.7,82.7,59.0,51.8,53.4,79.9,73.5
694,Òüåû¿É,447397,2019120469729,66.7,58.9,67.9,50.5,64.3,93.6,65.1
695,ÎâÖ¦,543113,2020050771333,66.7,47.8,92.8,51.4,74.1,50.0,84.2
696,ê°Ôª,203919,2024120351936,66.7,69.5,51.0,76.9,83.0,56.4,63.4
697,Íõ¸£,746186,2018080528609,66.6,46.6,57.9,62.9,84.9,78.9,68.4
698,µÒ½õ,756067,2020020156738,66.6,92.3,93.6,50.8,47.0,55.0,61.2
699,ÞÉÝº,551580,2020050418068,66.6,58.8,48.3,47.9,80.0,79.0,85.5
700,½ðéª,879672,2021050387265,66.6,50.5,46.9,69.6,70.5,83.8,78.3
701,½¯Ñþ,003828,2023050902803,66.6,93.3,52.8,47.2,58.1,82.8,65.2
702,ÂíÁú¿¡,686309,2019120150940,66.5,46.1,88.7,55.2,92.5,46.0,70.5
703,Ô¬³½,176637,2020011113772,66.5,56.2,47.0,60.0,78.5,92.5,64.5
704,Óà¾ýÂ¶,469474,2020060117438,66.5,53.1,68.8,90.8,52.9,84.1,49.5
705,ËïÁ¼Çå,041207,2020060690751,66.5,51.4,54.8,52.0,92.9,93.5,54.3
706,ÑîÜ¿,314493,2022020429334,66.5,54.8,69.0,55.4,84.2,66.3,69.3
707,ÂÞÑÅÙ»,481000,2023061250019,66.5,91.1,61.4,47.1,70.9,68.8,59.9
708,±´¹úº½,965064,2023110366415,66.5,62.5,45.3,53.1,90.7,82.7,64.9
709,³ÂÎÄ,164507,2018071090768,66.4,59.3,51.2,70.4,77.1,79.0,61.3
710,ÎâÌ©,397686,2022040498634,66.4,54.1,80.5,51.2,62.2,74.8,75.5
711,ÂÞ·ÆÝ¼,050947,2022071024736,66.4,68.7,55.0,90.5,63.3,74.3,46.3
712,ÂíÈáÑþ,316872,2022100597251,66.4,63.7,56.1,71.0,77.4,46.0,83.9
713,Î¤º®ÇÉ,997211,2024050471167,66.4,50.4,93.9,89.5,62.0,54.0,48.6
714,ËïÐÂÌÚ,946854,2018110685471,66.3,76.6,66.6,67.0,65.2,64.0,58.2
715,·ïÉºóÞ,338393,2019070889332,66.3,53.5,75.4,83.5,75.1,57.4,53.0
716,ÉòÑþ,887601,2019080650161,66.3,61.0,78.5,47.4,50.5,91.9,68.6
717,Áø¼ÑÄþ,501276,2019040077673,66.2,82.9,60.4,83.0,55.3,64.2,51.4
718,ÑÏö°»ª,614186,2020110848637,66.2,89.8,64.7,55.8,68.2,58.9,60.0
719,²ÜµÂÐÂ,685258,2021100185826,66.2,57.3,82.7,57.0,56.1,54.1,90.3
720,¼Æ´¿»ª,842428,2023090392874,66.2,49.9,61.1,83.2,74.9,62.0,66.1
721,ÑÏÓ°,277393,2018050459326,66.1,53.1,73.4,72.7,88.5,55.9,52.9
722,Æ½Ñãæ¼,671937,2019110783750,66.1,61.9,87.8,58.1,46.2,78.5,63.9
723,Ó÷¾§ÔÆ,295684,2021120308459,66.1,54.6,83.9,51.3,91.4,60.6,54.7
724,ê°°²,475301,2023040080105,66.1,83.1,74.6,57.9,68.7,65.9,46.4
725,Åíè¡¶«,238336,2024041113632,66.1,90.5,76.2,56.9,61.9,63.7,47.7
726,ÕÂÊ±¾ü,032398,2020101219858,66.0,47.1,90.9,55.4,49.7,83.4,69.5
727,Áº»Ô,402839,2021060423955,66.0,60.3,70.7,61.8,87.7,69.0,46.3
728,ÄÂºÉ,065780,2022101098074,66.0,72.8,81.2,85.9,51.4,45.4,59.5
729,Ëïº®ÁÕ,705936,2024031243652,66.0,89.6,47.6,54.3,77.3,79.2,48.3
730,ÀÖ½õ,344239,2024060863964,66.0,78.0,62.4,85.9,46.9,77.9,45.0
731,±Ï¸£,252631,2021041073109,65.9,70.5,70.2,63.6,48.1,80.0,63.0
732,Æ¤Ë¼Áá,637366,2021110806644,65.9,46.8,82.5,46.2,89.2,49.2,81.3
733,Úù±£,096528,2024110222866,65.9,65.9,91.9,52.4,54.4,53.4,77.1
734,±´»·Ô·,678691,2019100519160,65.8,45.7,88.6,58.7,75.5,77.9,48.4
735,á¯²Å,955432,2019120343266,65.8,80.6,48.7,53.9,61.1,80.9,69.8
736,á¯Ë³¸£,123150,2022040665034,65.8,74.2,53.9,76.7,84.3,49.8,56.1
737,·üÊ¿Ç¿,300428,2022070862856,65.8,63.9,62.9,67.0,75.2,68.6,57.3
738,ÂÞÇÙ,181025,2024090422520,65.8,88.0,50.0,71.9,54.2,74.9,55.8
739,Îºæ«Àö,886793,2018090109350,65.7,89.0,49.3,62.5,64.3,81.5,47.5
740,ÍõÆ¼»¶,304755,2019101045513,65.7,86.4,58.0,49.2,65.7,66.4,68.5
741,ÂÀ²Ê,025138,2020080883801,65.7,67.0,53.3,53.6,76.6,77.1,66.3
742,²·Æ½,893397,2022111239726,65.7,49.4,60.1,79.8,78.5,67.1,59.1
743,ÏîÜç,368004,2018070850428,65.6,46.8,60.9,92.6,79.8,56.5,57.3
744,ÎÀÐÀ,953887,2022080448762,65.6,45.5,68.4,64.4,47.9,73.6,93.7
745,ñ¼²Å²ß,885246,2020060154603,65.5,57.3,79.8,61.2,64.4,57.1,73.0
746,ÓíÏéÄþ,835962,2021060926252,65.5,95.0,77.9,47.0,52.4,62.0,58.4
747,²·ÊÀÑ×,436756,2022071195657,65.5,71.0,68.0,55.7,50.4,91.9,56.2
748,ËÕÀûÉú,238638,2024060293873,65.5,80.8,76.7,50.4,51.7,57.5,76.0
749,Ì¸²ÅÌì,985019,2018090341971,65.4,49.8,51.7,49.1,59.8,87.8,94.2
750,ÓÈÐÐ,175240,2020020984008,65.4,51.0,48.6,76.0,62.4,76.8,77.6
751,ËïÔÏð¥,771646,2020090514635,65.4,47.3,66.0,82.9,63.4,71.2,61.8
752,ÀÖÁá,333736,2022080533626,65.4,74.7,52.0,78.4,62.9,64.9,59.6
753,Ïî¹úÒÔ,554674,2022090847423,65.4,51.7,49.7,72.5,80.1,74.6,64.0
754,ÔªÜ°ËØ,026933,2023100053350,65.4,92.1,83.2,74.0,48.3,49.5,45.5
755,µÒµÂ,298991,2024030599163,65.4,45.7,68.8,55.2,85.1,65.8,71.6
756,×£¶¦Á¼,030957,2024050135762,65.4,58.5,69.6,82.8,64.4,70.4,46.6
757,ÖÜÇ¿,402229,2018100392924,65.3,93.1,75.3,47.1,55.1,69.0,52.0
758,Öì°®,211428,2018050362822,65.2,84.6,92.6,54.1,50.0,49.3,60.6
759,Ç®äÞÃÎ,640207,2020120540701,65.2,59.8,58.2,57.8,54.6,81.8,79.1
760,Â³ÎÄ½¡,767001,2021051070110,65.2,46.8,78.8,59.1,63.5,66.8,76.3
761,²·Ã÷,021678,2019010277860,65.1,86.9,57.7,45.9,52.5,53.5,94.2
762,ÀÖèµ,378186,2023060778659,65.1,53.2,80.6,90.0,59.1,50.6,57.2
763,Íô¶¦,541493,2018121189329,65.0,69.3,68.8,72.3,45.6,69.1,65.2
764,Ëï¿¡,733798,2019081019819,65.0,70.7,61.1,58.4,54.3,51.2,94.5
765,À×ÒãÐÛ,343236,2019091103665,65.0,63.5,52.8,82.9,61.8,72.1,56.6
766,ê°Äþ¾ý,447453,2020080275334,65.0,71.3,83.6,61.6,52.5,50.7,70.1
767,ÖÜè¥,075777,2020120637759,65.0,62.5,54.0,46.1,84.5,86.1,56.6
768,ÆÝÒå,314087,2021060808756,65.0,84.3,82.9,48.5,74.8,49.9,49.4
769,ÕÅ½à,001044,2021070184447,65.0,45.6,53.8,57.8,71.7,82.2,78.7
770,·¶èµ·Ò,282970,2021110807069,65.0,91.9,47.7,85.6,59.0,50.4,55.2
771,·ïÈÙèµ,322302,2022080150232,65.0,80.3,47.3,62.8,68.6,57.6,73.6
772,»¨ÈÚÔÆ,571831,2024101183142,65.0,70.8,53.3,71.4,49.8,68.8,75.9
773,Ê·ÔÏÏþ,920934,2020011163464,64.9,56.5,73.8,66.1,57.4,76.2,59.1
774,ÅíÆ½Ö¾,570934,2021030333414,64.9,94.2,67.9,51.6,61.7,68.5,45.3
775,ÓíæÃ,557770,2022080387043,64.9,53.4,78.4,55.4,60.2,71.1,71.0
776,Ûº¾Õ·Ò,407224,2024051092466,64.9,80.1,78.8,49.3,50.5,67.5,63.1
777,Âí¾§Ë¼,778542,2024080954263,64.9,63.7,68.7,89.3,50.5,59.6,57.8
778,ÃÏÊ¤Ê¤,603752,2018011045226,64.8,49.1,56.1,54.2,77.7,65.9,85.5
779,ËÎÒÔË³,765219,2018091031912,64.8,47.8,62.8,65.7,64.2,71.5,77.0
780,ÇØÆ½Áú,742542,2019030994254,64.8,82.4,53.3,61.3,52.0,63.9,76.0
781,·½É¯,995449,2022030774916,64.8,53.6,87.5,49.3,64.6,45.4,88.3
782,ÑîÜø,738155,2022070085536,64.8,57.8,61.6,77.6,47.6,84.1,59.8
783,·ïÒã¾û,437136,2024060703603,64.8,57.3,80.2,60.8,73.6,66.1,50.6
784,ÕÂ³½³É,598275,2018101237553,64.7,45.3,45.7,48.2,88.1,87.1,73.7
785,»ªÑþÓ°,435454,2020021155430,64.7,46.9,84.8,68.7,46.1,64.7,77.0
786,°ØÈÚÈá,771042,2020120884242,64.7,45.7,50.1,73.4,84.8,66.0,68.1
787,Óà¶ð¿É,519300,2021081020016,64.7,83.3,45.5,61.2,58.5,83.9,56.0
788,ÐÜÏþ,795897,2024080089736,64.7,69.3,60.1,58.7,49.0,79.2,71.8
789,±«ÒË,562277,2018120507720,64.5,56.7,63.8,47.8,85.5,53.8,79.5
790,ÏôÑÇËØ,479735,2019020213546,64.5,94.9,59.1,51.6,48.2,76.7,56.5
791,³£´ï¹Ú,245071,2019100977165,64.5,75.2,49.5,85.4,45.9,85.2,45.7
792,ëøÁáÇÙ,352122,2020120012231,64.5,67.8,73.1,62.3,81.3,51.5,51.3
793,ÃçÊ¤±£,146003,2022021190368,64.5,56.9,64.2,82.0,47.7,82.7,53.4
794,·¶ÈðÓñ,866357,2023110545720,64.5,67.1,51.4,62.9,89.0,52.7,64.2
795,×ÞÔÃ,284445,2018100994503,64.4,45.5,92.6,53.6,68.7,48.9,77.2
796,Ö£Ö¥,575768,2019031236806,64.4,82.2,50.3,94.9,60.1,47.2,51.7
797,ÍôÏã,947417,2021010051727,64.4,82.0,49.2,51.7,57.2,64.0,82.3
798,»ª·Æ,821568,2023100336843,64.4,88.1,53.6,55.7,93.8,48.5,46.9
799,Ôª±ò,399911,2018040491132,64.3,69.5,49.2,50.9,55.1,75.0,86.0
800,ÎºÃúÀû,662858,2020010395802,64.3,75.2,46.1,79.2,68.3,70.0,47.2
801,»ÆÑÞ,905670,2020100467023,64.3,45.1,92.6,59.0,51.9,71.3,66.1
802,Æ¤Ê÷,910689,2021030498903,64.3,46.3,54.1,70.5,72.7,85.0,57.4
803,ÔÆÊ±éÅ,849036,2021090543658,64.3,80.5,54.4,50.8,56.4,77.0,66.8
804,Ç®è´·Æ,736863,2024080686363,64.3,70.1,49.1,85.0,81.1,50.4,50.0
805,·ïÑ§,891346,2019010134603,64.2,89.2,56.0,86.6,46.7,49.2,57.7
806,À×ÄþÏö,535996,2019100669626,64.2,84.2,51.8,93.6,61.9,48.1,45.7
807,¸ðÊÀÊ¿,687910,2019101041031,64.2,87.6,50.6,56.6,47.4,61.4,81.5
808,·½Ë¼,378345,2019110134514,64.2,75.3,52.3,51.5,59.3,58.7,88.3
809,Ç®¼Ò½¨,039699,2020070329914,64.2,82.1,69.1,69.6,63.4,49.8,51.2
810,ÆëÌ©Ë³,382637,2022090333760,64.2,76.3,68.1,66.7,72.6,55.7,45.9
811,±´º£Äþ,369761,2018101186103,64.1,63.5,62.3,77.3,62.3,47.7,71.6
812,Ã«¹óÁú,816954,2019041085428,64.1,78.5,48.9,50.5,46.6,90.4,69.6
813,²ýÓ¢ÃÎ,302181,2019060218167,64.1,63.6,79.8,61.9,59.1,61.4,58.9
814,²·Á¦Á¼,171414,2021030491416,64.1,80.0,82.7,58.1,51.4,50.8,61.7
815,ÓÈµÂÉ½,356222,2022110432215,64.1,46.6,46.8,61.4,90.8,75.2,63.9
816,Ö£Ï¼,103063,2019110286370,64.0,77.1,50.3,63.9,76.8,46.9,69.3
817,ÇØÈ«,360872,2021071157206,64.0,53.2,56.2,64.4,84.0,69.5,56.6
818,ºØ¶¦,192459,2022030455904,64.0,46.8,79.7,59.8,72.2,60.8,64.6
819,ÉÛ²ÊÔÂ,756339,2023081053926,64.0,45.9,70.0,64.2,93.4,48.4,62.1
820,¸ðÏãÀò,215175,2023110137514,64.0,83.8,46.7,78.8,69.0,56.2,49.8
821,ËÎ·²,981573,2018090787306,63.9,81.7,47.8,56.1,78.6,48.0,71.4
822,Ëï¾üÐÂ,467663,2019070126364,63.9,80.8,71.3,62.2,56.7,63.7,48.9
823,Æ¤ð¥,566844,2021090684445,63.9,73.5,79.4,48.3,47.7,88.2,46.6
824,Ñ¦¿É,680132,2022091053206,63.9,92.7,48.6,54.7,59.3,63.7,64.3
825,Ã÷·²É¯,506006,2022110720638,63.9,58.9,60.8,57.7,46.3,87.0,72.8
826,Á®»Ô±£,973043,2023030044334,63.9,59.1,62.0,51.5,66.0,90.0,54.8
827,·¶Öñ,546028,2018071002846,63.8,73.1,65.2,61.4,64.4,54.8,63.6
828,ËÕÇä,507239,2021030213950,63.8,52.6,66.2,62.4,81.4,56.9,63.4
829,Åí¸»Á¼,251281,2022050868166,63.8,60.8,72.2,46.1,62.1,62.8,78.6
830,ËÎ¾ê,334347,2023060814701,63.8,54.1,57.5,65.5,66.0,89.8,50.1
831,¼ÆË¼åû,208318,2019021161847,63.7,94.8,64.7,67.0,54.5,55.2,46.1
832,³ÂÊ¿,984666,2020060116639,63.7,92.8,48.8,61.3,53.6,79.6,46.2
833,±´Èï,098301,2021060450125,63.7,58.1,74.6,63.7,62.7,62.1,60.9
834,ñ¼Ó½¼§,773437,2019081193718,63.6,58.3,45.2,77.0,47.5,71.9,81.7
835,Ñî¶ð·ï,758862,2019110746273,63.6,52.8,63.7,45.9,65.3,59.2,94.6
836,ÇØÎ°Ïé,064054,2020050745410,63.6,72.2,81.8,69.1,47.4,52.9,58.0
837,¿µÑ×,596899,2020070159909,63.6,71.4,50.1,69.1,87.1,56.1,47.5
838,ñ¼·¢²Å,278488,2021110518846,63.6,72.9,46.6,93.0,48.6,53.1,67.4
839,ÎâÖÐÐÅ,378169,2022080346969,63.6,92.5,46.2,65.9,59.1,50.2,68.0
840,³£µÂÊ¤,780985,2023090558530,63.6,76.6,59.0,87.0,46.3,57.2,55.4
841,ÇØ°²¸»,716451,2023110905151,63.6,51.5,76.8,79.9,68.0,52.9,52.4
842,ÍôéªéÅ,647215,2019120771561,63.5,68.5,56.9,64.1,57.0,64.4,70.4
843,ÆÝÊ¿¹ó,096983,2020010658338,63.5,64.3,58.7,52.1,52.6,79.0,74.5
844,ÄßÝº,731177,2022010467729,63.5,64.0,60.0,51.7,71.5,81.4,52.1
845,ÎâÊ¢±£,361150,2018061145059,63.4,69.3,69.2,56.2,48.1,86.2,51.6
846,°ØÄþ,677906,2020080860601,63.4,50.0,47.0,47.5,56.5,92.0,87.5
847,ÖÜÒË,675187,2020110858745,63.4,53.1,56.3,53.0,63.1,94.5,60.4
848,Îâ½¨,950011,2021030741172,63.4,73.7,53.4,45.2,82.2,49.5,76.4
849,Éò±£,701005,2023030340505,63.4,59.1,60.3,69.4,46.4,91.6,53.5
850,¸ðÁ¦,254302,2024060790262,63.4,54.8,87.1,51.8,53.7,85.5,47.3
851,¸ðÕæ,343545,2018110414512,63.3,46.7,67.6,79.0,48.6,57.5,80.3
852,Æ½Ã¯Æ½,176286,2019050708653,63.3,56.1,69.3,62.0,61.9,53.6,76.9
853,ÀîÒãµÂ,249713,2021060851351,63.3,85.0,55.2,74.2,47.6,59.1,58.9
854,ÒüÆ®Õä,189187,2018051098758,63.2,48.3,77.2,45.0,93.3,59.7,55.7
855,±«ÕÑ,725205,2019090910552,63.2,68.7,58.2,78.3,60.5,66.5,46.9
856,ÌÕº®,516350,2020020045033,63.2,57.0,54.3,85.7,55.8,65.1,61.2
857,Àîæý½õ,015088,2020071088821,63.2,79.6,46.2,51.8,62.6,55.0,84.3
858,ÎÀ¾ý,182323,2022090302312,63.2,56.4,63.1,66.5,62.0,70.2,61.3
859,ÎâÐã½à,500497,2018010489764,63.1,58.1,55.6,75.2,48.3,60.9,80.4
860,¶­²¨,133039,2020110803917,63.1,52.6,75.1,46.3,57.9,52.0,94.9
861,Ã×Æ®çü,220035,2020120603556,63.1,48.9,81.6,61.4,75.6,56.4,55.0
862,Ô¬²Ê,129421,2021090742133,63.0,65.2,48.7,61.7,54.4,71.9,76.3
863,¼ÍÖ¦,841992,2022010179260,63.0,73.7,86.1,54.1,68.4,49.9,45.9
864,»Æ½¡,243732,2023071123202,63.0,73.2,50.3,48.1,71.2,48.1,87.0
865,ÀÉæ¯Ã¼,450721,2023090822167,63.0,50.0,64.0,47.3,90.5,70.7,55.7
866,Ãçæ¯´ä,390847,2024060494730,63.0,56.5,52.9,63.8,70.9,48.6,85.5
867,º«ÉúÌ©,773313,2019050241359,62.9,68.1,46.4,87.7,50.7,74.3,50.4
868,°²Æ¼,462446,2019110244635,62.9,88.2,54.2,45.9,77.8,52.6,58.5
869,ÅËÒÔ,190317,2021010381758,62.9,83.6,57.8,52.8,45.8,90.8,46.3
870,ëøÆ¼Öñ,390547,2021121074716,62.9,93.9,52.0,47.5,54.6,76.4,53.3
871,Ã©Ü°ÃÀ,853285,2018121238525,62.8,85.5,56.9,58.2,73.6,55.3,47.2
872,Ïî¼§,230970,2019041137053,62.8,71.7,68.7,82.1,47.0,51.4,55.9
873,ÆÝÄÈÃ¼,731121,2019090822152,62.8,47.7,83.3,58.2,49.6,77.4,60.9
874,ÓáÝ¼Óð,183177,2020081107720,62.8,47.0,65.7,58.6,93.6,56.6,55.4
875,ËÎÖÂ,557712,2022090681230,62.8,89.6,68.8,53.8,56.2,58.7,50.0
876,ÓÚæ¼´Ï,928200,2022110400049,62.8,62.6,65.6,47.4,82.1,70.3,48.9
877,ÄÂ¿¡¾ü,938208,2023090620809,62.8,80.9,58.2,47.5,73.2,63.4,53.4
878,ê°ö°Þ±,316745,2018011254557,62.7,49.0,69.0,75.7,61.1,76.4,45.2
879,á¯ÃÃÕä,494594,2021010339418,62.7,81.5,83.4,49.5,46.3,61.0,54.6
880,ÌÕÈðÔÂ,070903,2022061170366,62.7,74.9,46.8,82.5,63.8,57.5,50.5
881,¿×·çË³,339842,2022090594221,62.7,47.9,60.5,90.5,49.7,71.2,56.5
882,¼Æ·¼,368181,2024040498160,62.7,64.5,81.5,52.0,52.6,79.1,46.4
883,¸ðÈØè´,110457,2024050895766,62.7,80.2,54.0,46.8,53.9,78.0,63.4
884,Ã×¹ã,663132,2020020433268,62.6,53.3,72.3,45.2,46.9,89.4,68.4
885,ëøÈð¾Õ,050078,2021030347870,62.5,49.5,50.3,92.1,49.5,61.2,72.4
886,ÆÝ÷ì,588707,2018090660725,62.4,52.3,57.7,61.9,60.3,85.8,56.6
887,ÎâÉº·Æ,454604,2023120140438,62.4,64.5,51.7,61.4,78.6,57.0,61.2
888,ÀÉÏ£Äý,072293,2023020209327,62.3,52.3,54.3,91.8,61.6,58.5,55.4
889,»ÆÜ¿,412089,2018060288930,62.2,48.8,69.0,48.3,51.0,91.6,64.7
890,±åÃ·,900132,2018110973242,62.2,93.2,61.5,46.8,47.0,48.7,75.8
891,Íô²¨ÐÛ,586548,2021050574840,62.2,78.9,47.0,78.9,51.6,64.7,52.1
892,Ã©»¶¹ð,057784,2022100478461,62.2,90.7,50.9,67.6,55.2,58.6,50.3
893,ÉÛÓ¢,250391,2023031099163,62.2,56.0,62.0,48.8,69.4,47.6,89.2
894,°ØÇÉÈØ,731086,2024040128640,62.2,72.2,47.5,62.0,72.8,66.9,51.6
895,ÏôÔÂçù,438487,2018090458701,62.1,57.3,49.7,52.2,62.9,61.9,88.5
896,Ô¬²ÊÒÕ,162711,2021070201123,62.1,54.4,69.9,49.9,55.9,71.3,71.1
897,²ý¸»,743210,2023030671073,62.1,70.5,65.8,67.8,47.5,74.5,46.6
898,·ïÁ«,726152,2023100275241,62.1,89.7,45.1,86.5,45.5,58.3,47.3
899,²·¿¡,769341,2020011164153,62.0,72.7,58.2,80.1,48.8,53.6,58.5
900,Á®çþ,194914,2020060751407,62.0,77.1,58.4,61.8,69.9,57.3,47.6
901,Ô¬Ñ×·É,603714,2020070161416,62.0,60.2,68.2,62.0,88.1,48.1,45.4
902,ÂÞö°,361402,2024031250235,62.0,73.2,51.1,45.3,82.4,45.6,74.6
903,¿×¶¦º½,295872,2024060877266,62.0,75.4,67.8,86.0,47.3,48.8,46.6
904,±´ÐÐÎ°,035286,2019040328620,61.9,49.7,70.1,52.9,72.5,70.9,55.0
905,ÂÀÒÇ,281539,2021110333974,61.9,80.2,50.0,48.3,52.9,90.1,50.1
906,½¯»ÝÖ¥,645330,2020090703062,61.8,47.1,46.8,48.8,82.1,84.0,61.8
907,·¶³É½¨,267794,2021021039474,61.7,57.5,57.2,66.1,52.8,90.1,46.4
908,´÷³½,407792,2022120489217,61.7,64.0,61.8,62.0,46.6,71.9,64.0
909,ÆÝè¡,764682,2021070538211,61.6,52.9,54.2,59.1,90.0,62.9,50.5
910,ÆëÏöÓ±,167033,2018081233324,61.4,54.6,62.5,54.9,61.3,45.6,89.3
911,ÌÕµ¤,194457,2019051185762,61.4,49.6,56.4,67.6,77.5,49.4,67.8
912,Ì¸ËØÉ¯,951693,2020010769372,61.4,48.3,57.4,52.5,72.5,69.8,67.6
913,ÇØ¾ü¹ã,421465,2020060206569,61.3,61.8,94.9,51.6,62.8,46.6,50.0
914,Ð»Ë¼,476875,2021050757507,61.3,45.0,45.8,51.5,69.7,68.2,87.4
915,Íõº£Ã÷,367419,2024071181970,61.2,54.0,59.2,67.7,64.3,51.4,70.4
916,ÂíÝººÉ,487369,2019070636929,61.1,81.8,57.8,48.5,49.7,56.7,72.2
917,Á®ÕÑÂ¶,099187,2020111138710,61.1,66.5,52.9,57.1,52.2,77.5,60.1
918,Úù¾²èµ,164665,2023041196566,61.1,74.9,52.2,62.0,52.9,57.4,66.9
919,Íõ¼§Ö¦,720619,2019031201928,61.0,60.9,75.6,56.7,54.7,69.9,48.3
920,ÆîÐÂ,266633,2022071203371,61.0,55.1,61.9,65.4,57.8,48.6,76.9
921,ÅíÑ×,299826,2018060172608,60.9,48.1,79.5,61.7,64.0,61.2,50.9
922,Óá·¼,759167,2019051046741,60.9,69.9,61.3,65.7,69.4,52.5,46.6
923,»¨½à,012427,2020040842739,60.9,54.0,46.7,77.2,73.6,46.3,67.5
924,½ð»ÝÃ·,404731,2022090113114,60.9,86.4,54.4,53.8,75.4,47.7,47.5
925,·ï·å¹ú,381433,2018010953341,60.8,69.2,60.1,56.3,48.4,83.7,47.3
926,ÏôÀó,549738,2021070773819,60.8,57.8,52.8,46.3,66.2,57.4,84.3
927,Òó·å,709527,2018110182734,60.7,46.7,65.9,46.5,62.2,66.2,76.6
928,º«Ê¿,583960,2019091246032,60.7,61.9,50.3,69.8,63.4,46.5,72.2
929,»ªÎ°ÎÄ,455603,2018020830344,60.6,48.3,46.5,53.3,85.1,56.3,73.9
930,ÆÝÒã,973614,2018100741406,60.6,48.0,52.4,76.8,53.3,76.7,56.2
931,Éò´º,930638,2023040353874,60.6,67.6,67.2,51.8,57.5,46.3,72.9
932,¿×Óð,922551,2023060755115,60.6,51.9,56.3,47.2,56.0,61.7,90.6
933,ÇüÊç,613525,2021090092512,60.5,76.4,46.4,54.0,88.4,46.3,51.5
934,ÚùÝº,889455,2024110035559,60.5,77.0,55.9,57.3,47.8,50.7,74.5
935,ÎâÏ¼Áá,616457,2018010865701,60.4,65.0,54.4,52.3,52.3,71.6,66.7
936,Ë®Áú¶«,348049,2019040764954,60.4,67.1,48.3,63.7,55.4,63.2,64.7
937,ÂÀ³ÉÁ¦,566471,2024101027166,60.4,61.7,53.5,53.2,46.6,83.3,64.1
938,Â³Öñ,931010,2020080241073,60.3,56.8,58.4,51.3,72.7,69.3,53.3
939,ÇØ¸Õ»Ô,971085,2021080318553,60.2,59.1,45.5,65.1,67.0,58.1,66.4
940,Ì¸Óý,818364,2023020096431,60.2,57.1,75.0,80.8,48.3,53.8,46.3
941,Âíè¥,030708,2018100150819,60.1,47.1,81.7,56.9,45.5,80.8,48.4
942,Ë®äÞ,341011,2022120111172,60.1,65.9,59.3,71.4,46.7,62.8,54.2
943,±åÐãÝ¼,456898,2024090829832,60.1,71.5,52.4,61.9,66.6,50.8,57.1
944,Ö£Íñ,143558,2019021175860,60.0,55.5,57.1,62.8,70.4,66.6,47.7
945,Ð»¶¦Ïé,714617,2021090661731,59.9,51.1,59.6,86.5,53.4,56.2,52.9
946,ÎéÐÇ·¢,382031,2021091253123,59.8,60.4,87.6,66.7,47.3,49.1,47.6
947,ÐÜÓÀ½Ü,954897,2023090069754,59.5,47.5,53.3,77.2,47.1,50.7,81.4
948,Äß¼Ñ,742653,2024080375353,59.5,45.5,61.5,53.5,45.4,90.5,60.7
949,Ñ¦·ï,706654,2024060255428,59.4,82.6,72.3,55.3,52.0,48.6,45.8
950,Ð»×Ó,813187,2023070498707,59.2,54.6,51.8,85.8,49.3,57.9,56.1
951,ÃÏ¿¡¹ó,397265,2024100646559,59.2,75.1,54.8,46.1,79.3,54.0,46.0
952,°Øæý²Ê,863697,2022040559718,59.0,58.8,57.2,47.1,48.8,66.2,76.1
953,ÀîÈÙ,870633,2022060813363,58.9,46.8,92.1,60.8,45.4,53.8,54.7
954,½ª¾ê,808453,2023030405347,58.9,49.4,51.3,49.9,64.7,79.8,58.2
955,ÆÝ¹ú,292870,2021010337028,58.8,67.8,72.4,60.3,54.0,46.5,52.0
956,Ó÷³½º½,995995,2021020369525,58.8,57.2,52.8,66.3,75.0,52.6,48.9
957,ÌÀÎÄ,230549,2021060844968,58.8,48.7,61.7,56.6,53.5,59.3,72.9
958,ÎÀÞ±Èá,647573,2021110457324,58.8,45.7,54.0,53.3,84.7,68.2,47.0
959,º«½¨,982028,2023020482839,58.8,52.5,58.1,70.9,53.2,61.2,56.9
960,ÀÖÏãÕæ,525848,2020110774818,58.6,64.8,62.3,50.2,71.4,47.9,54.8
961,ÕÅÏ£,550799,2021110619944,58.6,54.8,65.3,52.8,70.5,57.7,50.4
962,¼Íæ«ÃÎ,719723,2021111052370,58.6,49.1,77.7,65.5,50.6,45.3,63.4
963,ËïÃ¼,396630,2020010053065,58.4,64.6,47.2,46.7,62.1,74.7,55.1
964,ÄßäÞÝº,462537,2020110373755,58.4,79.5,69.0,47.7,57.4,47.1,49.7
965,ÒüéÅ¼Ò,147368,2019090136837,58.3,68.9,45.7,70.4,58.7,45.3,60.8
966,×ÞÐË¸Õ,278272,2018101067269,58.2,58.5,67.1,47.7,53.6,66.2,56.4
967,ÑîÁ¼,988316,2024070281641,58.2,68.6,45.3,64.8,62.5,53.5,54.7
968,ÒóÊÀ²Å,857524,2024090332469,58.2,54.2,60.3,64.5,45.3,60.0,65.1
969,Æî¼ÒÖ¾,148520,2019031162024,58.1,50.3,47.2,56.7,82.3,56.0,56.1
970,ÌÆÊÀ,838510,2019050011054,58.1,47.8,48.6,45.9,79.2,80.3,47.0
971,ÀîÐÐ·ç,961216,2019060801616,58.1,61.1,46.0,52.3,56.9,62.2,70.4
972,±åÊ¤Çå,886851,2023080575142,58.1,54.4,54.4,54.9,55.4,70.7,58.7
973,Äßæý,435398,2024100799850,58.0,52.4,66.5,46.6,47.9,57.3,77.3
974,½ðéªÈÊ,727986,2024111158625,58.0,58.2,53.0,47.7,73.1,66.5,49.6
975,ÎºÇÙÜ°,485129,2022101142914,57.9,52.3,58.1,66.3,47.6,75.5,47.7
976,Ê©ÎÄ,501031,2024091143110,57.8,79.7,45.1,78.7,50.2,48.4,45.0
977,ÂÀÔ·æ¼,925760,2022021096043,57.5,61.7,72.8,53.6,53.4,48.2,55.4
978,ºØÓÀ¾û,007256,2022110885669,57.4,62.1,75.4,49.2,51.2,61.3,45.5
979,Îé²ÅéÅ,612826,2022020762661,57.3,56.4,47.9,63.1,50.5,48.3,77.8
980,Á®ÏöÕä,502279,2020110967975,57.1,67.2,53.2,49.5,61.3,60.7,50.6
981,ÉòÑà,166331,2019050833110,56.9,61.0,50.1,46.9,73.3,50.7,59.5
982,ºÎ·ç,185805,2022100530572,56.9,49.2,72.2,58.4,49.4,50.5,61.6
983,Ïî¹ó,353998,2024120429822,56.6,56.3,49.3,53.7,62.3,55.4,62.5
984,»ÆºÉÓý,754069,2019080636954,56.5,69.8,45.4,56.6,52.5,56.1,58.9
985,¼Íº®ÕÑ,336760,2021030346027,56.5,63.6,46.0,49.8,57.5,58.9,63.1
986,ºÍÎ°º£,438949,2024020974951,56.5,47.8,54.0,74.1,53.7,61.0,48.7
987,Òó¹ã,579243,2020010684312,56.2,51.5,70.2,51.5,47.4,59.5,57.2
988,ÞÉÕêæ¼,517868,2021070866816,56.2,45.4,58.3,75.9,49.1,60.8,48.0
989,¼ÆµÂ,841012,2020060901202,56.1,52.0,45.1,61.3,49.3,75.5,53.3
990,Ô¬Ç¿Ñ§,977661,2022020376123,56.1,60.0,54.5,47.9,57.2,48.7,68.3
991,ÀîÒÕ,426488,2021060898874,56.0,47.0,63.0,59.0,55.8,64.2,47.2
992,ÒüÇä,353991,2023090709171,55.9,45.3,62.0,84.8,51.6,45.3,46.2
993,ÈÎ²ßÇ¿,752135,2021120073515,55.8,67.9,52.6,56.2,62.0,47.5,48.7
994,ñ¼ÃÀ,786540,2022010374014,55.7,45.2,69.6,65.1,61.2,47.5,45.4
995,ÖÜÐÛ,360144,2022100404463,55.1,53.2,47.5,49.2,47.5,50.4,82.9
996,ñ¼æ¿,100340,2018090994069,54.5,55.7,61.0,49.2,62.0,50.0,49.1
997,ÕÂæýÃ·,920934,2022020433445,54.4,56.1,50.6,54.7,61.4,53.3,50.1
998,ÖÜ·ÉÁ¼,125320,2020040602046,54.1,62.2,54.0,47.0,56.5,56.5,48.2
999,Ã÷¾²ÄÈ,523352,2024050805218,53.1,47.8,47.7,53.4,51.7,61.1,57.1
1000,ÌÀèµ,771635,2024091203528,52.0,48.7,51.9,51.5,48.1,57.8,53.8
