og2a,NFmOlZ,2,施波福,2018010028702,233687,1
4DE3,rIXa79,1,平贞,2018010302333,421823,0
URns,nhC1lg,2,蒋珍娅,2018010338027,780380,0
LKYH,Rfk6wv,1,宋晶,2018010400761,621407,0
Axxc,BoeXRJ,1,谈杰学,2018010518604,558586,1
iu7c,5dhBYY,2,禹世,2018010543710,685237,1
hrfg,mvRVhi,2,凤瑶纯,2018010595009,753250,0
5fxk,Hi9x93,1,周莺丹,2018010610512,789805,0
ucYZ,lH58fa,2,舒龙龙,2018011085061,101950,1
npFR,mli17Z,1,舒楠辉,2018011159539,669295,1
VY6g,DDFnwP,2,孙成永,2018020155843,890858,1
r7Q2,jmZ2PD,2,华芬宜,2018020200152,584901,0
icOr,BlyTdq,2,米露,2018020247819,682778,0
KmFo,FScBd1,2,施凝,2018020388571,292185,0
kwZv,w6sZ0j,1,熊士,2018020432320,501223,1
sgmd,ToPLTc,1,齐学,2018020509344,371093,1
712d,66Y49w,1,元俊顺,2018020529140,586191,1
4ke2,Dt5Zfz,1,云武彬,2018020748744,129987,1
6CMr,iMwvJH,2,凤杰,2018020964234,026742,1
GnNb,xrY3nn,2,张珠,2018021062265,301222,0
n7sX,prwvjM,1,李寒,2018021097825,397678,0
5JA2,sTCQdr,2,水成顺,2018021208306,211483,1
L0wH,UPWOgg,2,倪钧,2018021257568,341975,1
d7Wj,YRRoyU,1,许子士,2018030212173,548121,1
YPbU,flyfSM,1,魏元,2018030278457,364384,1
72Al,oYbtDI,2,朱平,2018030287310,254973,1
gbA8,UoScef,2,孟发富,2018030379571,380695,1
slWM,mHs3OG,2,陈霭环,2018030641930,225719,0
4AYq,yUZK52,1,柏元福,2018030961133,317711,1
9RP4,Yvm4HC,1,臧楠,2018031044932,091049,1
5tTP,a60AbN,1,穆龙军,2018031080632,290506,1
yEMp,21VS1d,1,项珍嘉,2018031133674,381636,0
2vcT,0Z9Dv6,2,毛福,2018031179436,001394,1
0LeJ,xF4HlC,1,常玲,2018031183745,673837,0
omHE,fHnoYV,2,雷山,2018040021312,210613,1
bbSI,U778sR,1,柳琰,2018040133806,909538,0
gqsz,gH0tA7,2,成柔,2018040399644,206996,0
xv9W,djsusV,1,苏贞惠,2018040451947,091019,0
PLq5,tVdfG0,2,董良,2018041034665,489146,1
Ot1V,7ePPnb,1,毕莎聪,2018041093665,463736,0
kkxe,URySA0,1,韩炎,2018041094738,644947,1
zyy3,SyWmeL,1,郎楠,2018050088737,125787,1
W95l,8rKXnj,1,郑天贵,2018050096573,059465,1
vRVy,49iwnJ,1,汤妍,2018050319846,500598,0
WIAc,UBXWGW,1,苗天树,2018050351619,987716,1
yd2G,AY85H7,1,柏岩力,2018050450015,529500,1
X66w,Xg3qEE,2,卫莺,2018050481419,738214,0
b1M9,RTNv0b,1,秦子,2018050593639,494436,1
kLMv,HnS8Bx,2,凤黛竹,2018050971374,215713,0
FlFj,uXVF4b,1,时影,2018050997911,916479,0
bMgx,ICrIBK,2,尤芬,2018051009270,036692,0
PgSp,9yogOt,2,邬园素,2018051035839,028558,0
TRFg,PLQ1Fv,1,祝盛士,2018051042538,687325,1
LMU2,h8rZLc,1,堪菁淑,2018051061214,311712,0
kMHp,q3xGI7,2,熊霞月,2018060066804,273568,0
nb70,3S3Ns7,2,苏舒芝,2018060080852,015508,0
LVKI,05ihqK,1,廉琦纨,2018060091870,430418,0
jkI4,wENlv9,2,邵燕,2018060358311,178183,0
hUdm,Y5ezmt,1,傅福,2018060396721,964967,1
XwEt,xml00c,2,梁鼎建,2018060637207,483872,1
NgGj,QYavAN,1,秦信,2018060643619,886336,1
boke,UEAzJq,2,范兴,2018060673138,744431,1
rsFG,B7sgoQ,1,孔玲,2018060703917,278639,0
pY8X,KfN6ns,1,周德,2018060705447,279854,1
SYEJ,tndNBJ,2,乐伟,2018070019168,477391,1
aj8a,YNL1Kf,2,朱岩富,2018070093068,976830,1
vhtm,OGQTmY,1,滕岩鼎,2018070157952,205879,1
ksA8,pBrzgT,1,朱伟,2018070219957,322499,1
FXQc,C8eItW,1,戴芳梅,2018070222650,441126,0
m8hi,2SLsms,1,马园,2018070352133,323621,0
HApb,0uMWWh,2,苏静,2018070383124,851731,0
HXPX,B0sDjb,2,俞竹慧,2018070496953,738969,0
lMmj,4CrSnY,1,庞欢影,2018070500160,345501,0
jmHf,lwXVyU,2,戚玲,2018070521354,161913,0
oefz,Z9q7P7,2,戚全军,2018070561310,015013,1
lBc4,2SGXV5,2,郎宁,2018070601052,076810,0
EYQx,OwbPVj,2,邬杰健,2018070800757,326807,1
BdPK,NHitgM,1,昌泰,2018070839234,210492,1
kSfJ,9JvW2l,2,马希舒,2018071051248,812512,0
MrM5,rTss9S,1,金子,2018071185512,309955,1
zJ2J,5SXXJM,1,孔策,2018080132469,011624,1
Fqjh,cyGgcv,2,皮龙彬,2018080392052,303620,1
Wr2e,bahkNN,2,熊君,2018080626839,993768,0
yqHQ,VSz10g,2,章君寒,2018080681635,278116,0
Uh5D,0kzGDo,1,乐莉希,2018080768305,674983,0
r7f0,KZEoFX,1,尤泰,2018080879618,850996,1
lK6b,Q4FY4F,1,卫秀岚,2018080970560,360605,0
ZVCp,dl7OWw,1,柏羽璐,2018081194610,417246,0
PbpB,YImiL9,2,沈安茂,2018081204610,886746,1
AZlP,t3Mbi3,2,殷波,2018090074762,937547,1
00w6,SCYct5,1,殷杰,2018090106374,999163,1
1vvl,yrPC8Y,2,舒倩,2018090113466,634934,0
1ZI7,xVQaKC,1,庞寒晓,2018090173775,730237,0
eeHt,b1nlQE,2,范义,2018090278221,777182,1
Ei4T,tf5Rru,1,邬倩,2018090283654,726536,0
B4et,JHWzx0,1,华刚,2018090337829,838378,1
xegC,MkQA3D,2,项兴波,2018090382904,666129,1
C6yg,zuzy5G,1,余珊,2018090591845,965218,0
yLfe,UKtYsV,2,和力,2018090782748,518727,1
khoj,JGLV9Y,2,邹俊,2018090979622,420096,1
084y,Fbei35,1,宋雄武,2018091110923,940609,1
WBHI,vT1fsn,2,任玉茗,2018091113616,925836,0
oyRE,Q3Jhdf,1,沈永弘,2018091129345,885393,1
KMin,NFHiIM,2,李琰,2018091250569,139005,0
MIXu,ZKMoGK,1,费飞致,2018100459673,928896,1
GOqF,rKKMRu,2,孙祥勇,2018100592419,424524,1
NWxg,ItLLAF,2,蒋成生,2018100955917,876759,1
fH6T,dg8Hf9,2,姜贞雁,2018100982113,437721,0
y0eo,qmPDKU,2,狄天,2018101052646,673926,1
tpVe,c179mE,1,邬生天,2018101211957,506819,1
6xPM,6GkcK8,1,屈莲莺,2018110020617,819006,0
z9SX,mcF29H,2,费毅刚,2018110104950,358349,1
rhZ5,u3FkZy,1,舒丽,2018110105037,495750,0
3nCr,5Gr7Mo,1,舒露影,2018110174201,387042,0
FsBm,sBLVTa,2,韦华菁,2018110188813,504088,0
KH2u,GLsr84,2,常世子,2018110199908,078899,1
SadS,QbBAGV,2,苗茗,2018110442235,068922,0
A8ag,Qu6mlT,2,俞华,2018110510932,518509,0
8yQD,FGIgWA,1,萧瑗琴,2018110691604,767516,0
Xiwj,x8l21x,1,和英,2018110841121,333711,0
d4GW,LBApVO,1,宋融贞,2018110915668,544356,0
abVS,pDjIsa,1,王纨璧,2018111017340,734573,0
2jjS,ccEs50,1,姚峰杰,2018111136152,130961,1
2c7V,7Y0PI6,1,方伟,2018111172306,342923,1
iKFt,OC4jd7,1,谢兴,2018111241101,425511,1
bX3I,5Ohw0w,2,凤行,2018120030346,876503,1
rSFB,MTFCme,1,贺鼎,2018120276055,956660,1
FZpE,m9EQhA,1,姚眉爱,2018120428132,922281,0
UbGh,q94fLT,1,滕健,2018120437729,184177,1
UO4c,uyaph6,2,谈建生,2018120535232,359952,1
4IIu,cGi09l,1,章盛树,2018120606264,582562,1
x9XK,si2v1q,2,王钧,2018120727671,856476,1
5f0c,VwcQg5,2,项义,2018120793502,474235,1
ogqr,Hf0Rrv,2,雷雄福,2018120955533,007355,1
DU6u,poAXwq,2,史君,2018121006968,527869,0
DE3u,jxwBU8,1,萧静黛,2018121053916,054439,0
FKr3,WnY6Td,2,毛岩富,2018121134872,348048,1
lBTJ,ITtlUn,1,成馥纯,2019010053904,719039,0
CgSq,UH02su,1,熊枝真,2019010248925,758189,0
5KNC,sTbQrA,2,汤世航,2019010567541,428775,1
i8GN,poWD6f,1,苏彩,2019010637125,663471,0
3iue,x4JlbY,2,蒋娴,2019010683810,323438,0
6a3j,UqLJLx,1,冯菁秋,2019010695519,618455,0
EnlJ,jLws1g,2,蒋强,2019010738819,780688,1
bsWS,x3bcP5,2,昌婷婉,2019010832710,644527,0
Yaux,yOkIzB,1,俞树富,2019010994043,480640,1
YgsG,TazbJQ,1,曹胜明,2019011030266,826302,1
0yB3,fUWD0M,1,沈桂,2019011067674,428476,0
rpr5,ifVisr,2,舒明铭,2019011078861,861688,1
Yb2V,egH0Is,1,钱中,2019011105866,608758,1
WpSv,6oaVib,1,卜凝璐,2019011109671,220896,0
rIrY,9oXqYl,1,张炎力,2019020062652,395826,1
G5Sm,pjqIcb,2,陈辉,2019020233466,220534,1
vFaZ,Ywilzr,1,费生岩,2019020311343,142713,1
18He,Xu8unW,1,许飞以,2019020466956,478669,1
ufSz,bMMW77,2,史航信,2019020636738,063067,1
5SPx,la0gYp,2,罗以,2019020723627,954136,1
mNn9,w0xoef,1,魏荔,2019020778947,346889,0
xsiH,prks9l,1,鲍腾,2019020832936,145229,1
Skdo,FDwPN4,2,陶树平,2019021056934,600369,1
0fuZ,rVBzaF,2,李桂,2019021099907,249699,0
giz5,mz3akk,1,周真宁,2019030128035,890980,0
FadZ,Qy6Wwv,2,成广强,2019030619706,342297,1
xPev,uDl7C3,2,谈霄珊,2019030645035,241950,0
Ss3s,RZ57Dx,2,史茂,2019030683438,391334,1
FfAc,qhejHX,2,成士力,2019030768359,120983,1
6My1,FQx4Cr,2,康露芸,2019030861825,947118,0
CWbZ,CwDDv3,1,褚海生,2019030928049,939280,1
nAUz,9svAnW,1,汤仁建,2019030945227,764252,1
ojN7,jTpiZG,1,秦龙勇,2019030976245,324362,1
EcCL,sh6Hlo,1,姜富,2019031072115,041021,1
WgeO,FCbfVI,1,贝刚树,2019031227934,712979,1
HOnO,1zPoqL,1,计峰,2019040046847,347768,1
oPWr,SpLXYb,2,方中,2019040195213,390352,1
M7mZ,v5n6mw,1,齐辉泰,2019040265417,616054,1
psiD,W5DoFY,1,项福保,2019040290344,019603,1
oDoO,zjAIcg,1,乐家,2019040342250,534022,1
ufSL,nKmXid,2,孟海海,2019040410428,044804,1
EJgT,k3XG9T,2,卞燕,2019040530357,465203,0
OW1A,Zil8HJ,1,傅倩荣,2019040555020,141750,0
lbyw,V3bICH,2,凤清,2019040616103,429661,1
JbXa,iWxqKt,1,吕彩,2019040683736,681737,0
LCSu,XgFSMk,1,罗红,2019040932372,943823,0
dn1v,JkmYWR,2,屈永,2019041034420,897244,1
sPZq,LtXVLk,2,马纨君,2019041077825,416178,0
2CtT,6971OS,2,秦毅,2019041134724,325247,1
EzzO,pl6gOd,2,穆茜,2019050035238,911452,0
Swgu,cl936k,2,韩发飞,2019050101636,745016,1
JrlL,p9dsK5,1,陈枫,2019050114106,686141,0
q1wp,WFixzE,2,卜寒,2019050205015,240250,0
zED6,aWEVkh,2,殷伊,2019050394672,944646,0
0edv,D7GM3t,2,戴树,2019050610007,766500,1
3y23,42rHdx,1,吕行,2019050659222,772292,1
TriZ,0A8dkI,1,卜宁莺,2019050777434,087374,0
vjAf,9YFtpf,2,戴刚,2019050889671,766496,1
0iOa,DByBJO,1,黄娥芳,2019050894811,562848,0
DQVQ,rikTDN,1,章美希,2019050943409,159134,0
gf70,99W124,1,毛巧,2019051182310,598223,0
wXYf,bO04Eq,1,吴惠,2019051203801,360438,0
hH7U,AEEypx,2,廉纨,2019060049850,239998,0
DwKO,IdXRid,1,苗梦,2019060068166,780981,0
sb1s,OUxwpW,2,舒辉,2019060104227,380342,1
hcJh,fc2Brr,1,毕露宁,2019060266903,077269,0
sBhk,AmrL6w,1,俞建顺,2019060307974,058779,1
H0bH,qGfv8t,2,鲍生茂,2019060328817,122088,1
gXiF,Q0XMgP,1,郎苑舒,2019060427061,959970,0
hhTF,fUHQU5,2,毛家才,2019060453471,235634,1
CQji,cebDxO,1,廉子达,2019060543448,624034,1
Hy3f,0WnMqw,1,鲍园,2019060564033,667340,0
Jksa,AVG9t9,2,毕婵,2019060878747,336087,0
hVHw,QweRCS,1,窦策,2019061017173,981971,1
g9ih,uvoLDX,1,谢丹娥,2019061050459,938104,0
DA7b,bUdjMn,2,柳菲,2019061069624,992196,0
UjgM,C6Hjq7,1,赵弘岩,2019061198767,883787,1
KJSh,BtHG57,1,纪国,2019061251573,700015,1
v4No,yjRBvW,1,孔富明,2019070024824,304748,1
bmpn,yyt8Pg,1,金华,2019070053715,655537,0
cBRh,e1nPrD,1,穆世,2019070155442,497554,1
jx5S,zmnA4d,2,朱军,2019070182672,948126,1
98LR,M9gcEk,1,乐星飞,2019070318217,475182,1
SeV3,EssYJh,2,孙利,2019070329539,892195,1
tckj,BRlBAd,1,常天海,2019070342417,738924,1
yFqN,HYTnse,1,谈园丹,2019070393225,716532,0
wBHB,Obdpkz,1,华达发,2019070443075,284430,1
UC1q,02ZEZu,1,姚瑶,2019070459772,549497,0
rBnk,T9u3nu,2,曹文,2019070547106,549571,1
ct2i,S0BQAI,2,袁志,2019070548529,576985,1
0WuW,zzLb9y,1,皮珠,2019070651814,409218,0
vbDW,ouPOLn,2,葛颖咏,2019070662560,994925,0
hYz7,HiEsuB,2,贝中志,2019070668504,918685,1
3dPX,5jMaui,2,祝卿,2019070881610,011116,0
ok9F,20tQZD,2,水贵元,2019071037426,987274,1
tFyx,e8TRLR,1,奚辉钧,2019071099248,703792,1
dpDt,7I5D9Z,2,郝光,2019071155407,356254,1
CfjZ,QnPi1R,1,奚茗瑾,2019071157525,298075,0
qhQf,yWmWhS,2,戴丽华,2019071178109,969581,0
byeZ,srsDLI,2,马勤影,2019080031639,835516,0
zsuT,mYdSO2,1,苏珍,2019080156245,830462,0
oxRL,UXLW4v,1,乐贵辉,2019080199244,604492,1
4NNm,hbEZlU,2,赵娜静,2019080267227,296372,0
DM33,IGm5ss,1,元伟生,2019080309830,638398,1
6WPs,oOJuo2,2,伏时贵,2019080394208,275642,1
IE8u,oxfhCr,1,孔琛,2019080438406,171784,1
r5KE,Mx7VCH,1,余霞宜,2019080511273,136612,0
c8WD,MrqOlW,2,邬影,2019080631868,830418,0
twkk,sM4CUr,1,顾平,2019080636332,403263,1
4rUf,r9ydwC,1,明才安,2019080903605,042036,1
1xj3,lrlBBS,1,安咏,2019081129643,978796,0
6hvr,j6TflL,1,戚海,2019081257318,138373,1
rQG7,JLQjns,1,罗美,2019090100849,226808,0
QMzC,upgz3Q,2,邵艳茜,2019090214132,216341,0
0oKu,5iiSB0,1,邬静舒,2019090265309,107953,0
myaR,QuGxuL,2,陈美,2019090328064,299980,0
lNDC,D82TMU,1,穆达,2019090659631,134996,1
qgWz,z039wT,2,毛胜才,2019090720932,849109,1
kRtd,S4PeS5,1,明文伟,2019090728602,454186,1
21ia,KdY71O,2,冯薇,2019090790965,193309,0
ZDwS,8DPs3G,2,昌妍,2019090824324,690943,0
vgw5,p5TtK4,2,萧苑露,2019090987958,952279,0
um2S,1JtuUy,1,顾黛,2019091055027,401050,0
GFmI,MZwDit,1,伏元飞,2019091174510,545445,1
piBO,zH8nIt,2,章纯,2019091186752,694967,0
i8HM,w9Nu5z,2,奚芝丽,2019091202151,000721,0
EUGQ,7NGUXa,2,云东永,2019100170821,618408,1
fCsJ,ridBD9,1,明永家,2019100404917,439549,1
Llse,fsjter,2,孟辉,2019100434440,410144,1
u2ID,9MoBPl,1,彭菁,2019100447458,860474,0
ByuO,4Uny5c,2,皮瑶,2019100491647,701816,0
qAHh,eBzWBa,1,雷凤,2019100543423,807634,0
hHkG,PQwBVO,2,谈航,2019100627824,695878,1
1LQi,iWwbkb,2,邹海雄,2019100759553,490795,1
rerQ,3RKw72,2,伏芝,2019100820467,163604,0
D7Oz,Td5rYl,2,章筠贞,2019100862407,287024,0
8VMt,SJp45J,2,窦嘉,2019100929736,279397,0
hxK9,TQlTyk,2,柏芳香,2019100982275,922222,0
sfcD,GBlJ5h,2,成富,2019101074571,861845,1
86FS,X6IQrE,1,严以,2019101166413,798664,1
Ym7S,hTdPmi,2,米珊筠,2019110071611,308416,0
rBE8,a85lM0,2,史泰,2019110119051,640490,1
0etN,haA00V,2,姚真,2019110181409,609514,0
kftl,uH9Frl,2,祝生波,2019110305554,354855,1
g7nF,BdV4JS,2,郝成鼎,2019110611718,243317,1
6sSQ,gJ0GeQ,1,尤信,2019110625253,846052,1
Kvh3,L2JxvR,2,喻眉,2019110655151,809251,0
OMJI,nERZlZ,1,邵茂,2019110740237,956402,1
SOo4,wxwgQZ,1,薛建,2019110759545,310995,1
y7Zw,glVG6c,2,卜辰,2019110957347,687673,1
CAWm,xBuO68,2,齐亚凡,2019110988025,843780,0
yvbs,mj3cvt,1,马泰学,2019111099849,120398,1
eQLw,cHqwKl,1,任风,2019111113868,030538,1
0nHk,c7pv5C,2,傅巧,2019111226669,550466,0
P2Z6,DwpAo3,1,狄中,2019120013138,175031,1
Okrt,Ef10g0,2,郎悦爱,2019120269406,775994,0
VRfu,2DYoie,2,费钧,2019120623356,623133,1
WTX7,8ryK1W,2,顾云,2019120731819,515218,0
Tpj1,Fakdj3,1,凤宁,2019120846651,565766,0
7jOi,hnwsYR,2,吕筠,2019121085958,084559,0
sNg9,Rvp1vh,2,奚飘,2019121203423,204134,0
HWyy,YuFbPi,1,计希凡,2020010159360,970793,0
F74R,dO9no2,2,谢龙铭,2020010232764,776527,1
brfA,wevQ38,1,舒飞新,2020010236323,206663,1
SmSw,aeIV2q,2,廉玉,2020010269903,871399,0
gBdV,64XmOU,1,倪力雄,2020010322616,281826,1
Q9Rb,nyC8Ki,1,钱榕,2020010439812,654498,1
gtfV,qxeRRc,1,施泰冠,2020010447716,599077,1
Jl8Q,LfBXJD,2,余胜武,2020010542671,412926,1
MNqV,SIaSR4,1,郎榕,2020010648914,122489,1
ajrj,vHxyeS,1,岑俊,2020010707411,654374,1
GxGe,wQ27Fj,1,元昭,2020010718943,618289,0
C6WV,c6sRun,2,昌莲珍,2020010737713,475677,0
fjWq,4cQ3Se,2,费芝珍,2020010834429,499544,0
V7j6,a4fbZf,1,许妍,2020010856651,720866,0
XQ0u,ReOUD8,1,邹芸,2020011020274,911102,0
p4uB,YJVE0B,2,冯娥,2020011248858,260288,0
732P,kkEDpb,2,柳光海,2020011257916,406579,1
NrMU,xKUXit,1,窦安腾,2020020209069,699390,1
X1nm,oigFEi,1,董婵丹,2020020481109,245611,0
Xl7q,jzxWpr,1,廉榕波,2020020537056,006670,1
8S9M,UM3rzf,1,宋茜娅,2020020620569,196405,0
vPa6,zPh0Qo,1,蒋鼎,2020020626812,540068,1
ZMWv,elf7U0,2,吴健明,2020020678101,892281,1
IhPb,2ofjQN,2,姚苑雁,2020020740143,252001,0
VFsl,ptr7nA,2,齐瑞,2020020898805,078588,0
TebI,7u1QCS,2,周力康,2020020912663,032726,1
L4PH,CjoMuz,2,乐祥彬,2020020929714,186397,1
cYcL,jV1VDK,1,鲍岩,2020020992908,917629,1
1lB7,ELLVBz,2,孔军,2020020994755,949147,1
fC8b,7hOFOj,2,任平,2020021238415,584884,1
pOwt,Qxi1aI,1,鲁士安,2020030030759,223507,1
VGKn,idPHHv,2,臧龙,2020030323155,228431,1
uT77,TjDA7U,1,金毅,2020030353352,651133,1
Nr2x,rBI88R,2,于悦枝,2020030386350,934463,0
EfP5,n6A61w,2,和楠,2020030475603,040256,1
CgKp,TeFdt0,1,卜全刚,2020030535719,448357,1
vpAz,y2EKK4,2,苗达楠,2020030573923,457739,1
EnV3,PvXYE9,2,康山,2020030712619,520426,1
HdKq,w9hZaq,2,沈琬惠,2020030984741,756147,0
Un4C,cYptMy,2,祁祥胜,2020031178939,867289,1
dCdy,sSt1Pc,1,雷梅,2020031183013,818530,0
BYsC,7eHwTp,2,狄家楠,2020040015566,016355,1
c1cm,d1YkVd,1,成腾,2020040048505,680385,1
eoLn,lCq8f1,1,郎荔,2020040203462,206034,0
hvLY,bVb96s,2,明飞盛,2020040315968,755359,1
4hNG,SPgndL,1,董冰,2020040343509,910535,0
uHKp,S0JT47,2,熊才炎,2020040492544,044325,1
ljNR,0PdmrU,1,乐波学,2020040766441,572564,1
9Mai,YTUMQq,1,曹莲宜,2020040899229,447592,0
VkNs,LrzBIl,2,常柔,2020041215137,308951,0
mguw,WJXupR,2,于辰海,2020041244662,787846,1
sLqv,KXKF46,2,平瑾环,2020050236867,434368,0
eVc3,hMisEW,2,喻娣柔,2020050520252,078502,0
FuyA,mERJWj,2,明婉倩,2020050678848,888988,0
Sgch,7egJcJ,1,严国,2020050956413,852164,1
5Huv,BD00BI,2,汪环,2020051241806,178718,0
AkC7,MPyLBC,2,祝盛树,2020060191645,969116,1
wVol,FCaAAs,2,董强,2020060484436,736444,1
ODPX,ROAkZO,2,窦爱洁,2020060512861,960328,0
pVuX,WknfwY,2,贝璧璐,2020060583755,769837,0
lzH6,wammpI,1,邹子世,2020060613656,319736,1
ZE1M,X2Ifjr,2,俞青,2020060763245,762832,0
JnKG,uGJkHZ,1,华澜,2020060795337,326053,0
Y8OH,UvE8vI,1,昌广泰,2020061099353,884093,1
R55P,gAliby,2,谈新波,2020061201105,141511,1
jlaP,81dyMw,2,喻琰慧,2020061229569,406895,0
9Ge5,7f3DIE,2,秦顺,2020070142667,333226,1
STeg,wi3ir1,1,卞琬爽,2020070256851,316168,0
6d7r,1ojDgP,2,周国,2020070423847,718538,1
AZaK,bpf432,2,苏瑞,2020070536042,864960,0
qTYW,2n73ZG,1,余芳,2020070955603,950356,0
8ZdC,oKoQP8,1,乐铭,2020071064823,832448,1
kZ10,DUfTpL,1,皮惠澜,2020071163018,233630,0
5JmL,mqUEJl,2,舒姬,2020080021114,995811,0
AN2S,FU3d9K,1,狄纨晶,2020080110268,059602,0
nCv2,ZlRXUq,1,卫光,2020080292942,343429,1
8jRV,tfvuRX,1,华以发,2020080388807,671388,1
YfhE,rMj2VZ,2,毛以,2020080471839,565418,1
bqPU,F8PfB6,2,臧红,2020080614731,522447,0
fcN9,LV9ALm,2,喻平,2020080629071,495690,1
vgBh,LbeB5N,2,范融,2020080657341,598573,0
7sdw,j1A8Mk,1,郎馥,2020080695226,946552,0
HCCG,o3X3oV,1,邬洁纨,2020080771740,748817,0
KKVW,c2FTs9,2,孔霭叶,2020080875356,477153,0
fNpj,wDxwy0,1,倪爽,2020081007151,128071,0
9GyW,j8TJXi,1,冯环,2020081060975,694209,0
yWD7,NhzkON,1,彭霭寒,2020081204927,645049,0
wRET,9YLMYb,2,严策世,2020081208969,568489,1
8YSv,jZB1ll,1,孟珍,2020081248454,963384,0
d3g8,TfGbMB,1,杨建峰,2020090037445,210074,1
jXIi,sX8xmI,2,谈梦,2020090178104,736281,0
WtS5,WfTOpO,2,华山,2020090198434,477184,1
OYAF,TuPjBy,1,章蓉,2020090503330,089433,0
Hken,ecpLJj,2,尹广,2020090604929,197949,1
6zLK,Zt2jKM,2,贝姬滢,2020090730810,374208,0
ZIrK,Nz8BNT,1,施晓,2020091089256,633992,0
izEa,9cuUf0,2,贝发,2020100189064,510190,1
KLaz,T3Dfhm,2,卫航行,2020100498520,768885,1
vYBi,fDmBda,2,郝航永,2020100544003,085640,1
EDAF,x5LLfc,1,汪仁炎,2020100559353,631793,1
3w8T,OaMm79,1,项信勇,2020100857329,739973,1
aNw5,m56uC4,1,韩芬,2020100899936,704599,0
vZCr,m40LuX,2,潘才,2020100919228,057192,1
aiBi,Xf7anm,1,屈婉锦,2020100943474,648334,0
gKsr,4hLLVu,2,陶保钧,2020101043223,434732,1
KvUk,YieePu,2,褚飘娴,2020101076947,629069,0
dgb6,3BMwID,1,卫铭,2020101120006,114600,1
VVeR,NKFtps,2,杨咏,2020101242367,097623,0
ukdM,2UARFG,2,宋茗,2020101245949,768159,0
czzQ,xYmLA4,2,廉军波,2020110179344,337293,1
VuJy,u2e7ie,2,史黛,2020110243971,178839,0
9pt0,wFW9WH,2,孟新,2020110246373,206063,1
kytX,t257hn,1,梁可锦,2020110703925,068839,0
jcJy,T3DjsH,1,秦行,2020110795318,230753,1
i9kM,mutRgz,1,汪月莲,2020110835723,657257,0
BkFD,W9KAfy,1,戚筠琴,2020110845336,518553,0
fli4,nM1ElS,1,计娅月,2020110932514,793225,0
YiFV,RFV2ll,2,水新,2020110959560,018195,1
KLXy,rcT42W,2,堪康志,2020120089062,378990,1
Wykb,Ydq6cz,1,毕梅艳,2020120364827,408248,0
5BYW,V1jIkA,1,苏永,2020120365536,508955,1
jFHL,LOuVBV,1,柳宁,2020120434358,058643,1
eQl8,rWUzBu,1,何伟子,2020120975701,266657,1
bjqo,GGmFwd,1,平贞,2020121073509,032935,0
ouII,8E0Ms0,1,魏健,2021010093055,395230,1
QujE,G8nd4G,1,萧学,2021010306068,815860,1
wsdt,ZxSSQz,1,金铭,2021010385424,098254,1
T1Ap,rIR1WY,2,成亚芬,2021010397027,660270,0
DSri,2N7l39,1,祁晶,2021010707609,202776,0
6tYD,f00kk2,2,严平盛,2021010810955,284709,1
4mDq,1PqHIs,1,潘岩利,2021010935657,602156,1
82fl,B1THrh,2,冯竹,2021010948436,212384,0
DSUk,NkqCyS,2,禹馨,2021011055226,113552,0
9WMM,bT8Xe7,2,沈素璧,2021011076307,829263,0
osF7,UeMCSN,2,殷永,2021011208216,681582,1
BQWj,CHhLQ3,1,安彩,2021020049146,159791,0
ktUg,pkQGmk,1,喻菁黛,2021020216541,518665,0
bSAA,3HGW9g,1,姜瑾,2021020218911,167289,0
uXrU,nQI1KL,1,唐妹婉,2021020455812,106158,0
zbtD,occdfL,1,祝元建,2021020490057,430700,1
0r26,0skpUN,2,元保钧,2021020748954,536389,1
QM8m,ymn9Ua,2,臧毅,2021020807021,321070,1
cBDk,tIkddn,2,时山安,2021020931005,692610,1
o6n2,bSv69j,2,彭雪,2021021145215,148152,0
JyGr,nDU4Gb,2,平可,2021021212006,055620,0
E03x,C5xerW,1,屈义时,2021030017128,397671,1
J69y,Gsy1JS,2,钱珠,2021030050961,465609,0
Ygxr,PgreBA,1,金弘星,2021030057830,180978,1
5ASI,v9uH6d,2,董德,2021030100066,236900,1
MAj5,rBlhrd,1,俞峰,2021030140648,478906,1
Ef2W,fDXHFF,1,乐香荣,2021030314457,793744,0
JcP0,OW0zIQ,1,堪健新,2021030339468,182194,1
mjZI,mi5aNo,1,冯勇,2021030632520,671725,1
HKss,LVOm0f,2,周泰,2021030725521,096355,1
I1bf,055O1s,2,杨晶,2021030766331,439963,0
ozjf,ZtayMY,2,戴山,2021030771212,572412,1
HSY5,cuP8hx,1,袁娟淑,2021030778415,476884,0
4akF,827pkJ,1,郑爱柔,2021031168553,202485,0
Celp,EudI5k,1,伍梅凡,2021031182263,048222,0
IErV,yK0gDu,2,任枝澜,2021031215559,273455,0
Czlc,s6fbjB,1,倪婷萍,2021040023329,908233,0
JdK6,Hz7f9L,2,陈毅富,2021040128910,007789,1
z0Oc,DnDesX,1,熊希琬,2021040257168,541771,0
bC6J,YblHiV,2,米杰,2021040303741,371237,1
WcM1,u93oX2,2,苗佳芬,2021040328627,595086,0
4d7L,LhkoVE,1,齐永,2021040604802,957748,1
g83H,e8r0uG,2,堪宜,2021040887165,628471,0
0Bi7,DiSVmD,2,苏芝,2021040914650,793346,0
49C9,xe6Wxn,1,乐勇德,2021040917559,551175,1
YvHX,IqeWtz,2,唐欢,2021040964245,913542,0
JAQG,60tY1E,1,毛国才,2021041012356,518823,1
RcZw,XW5sRK,1,吕影,2021041108753,006087,0
V7YJ,J4bFkj,1,罗清,2021041182049,561620,1
JJdt,n5tkmT,2,贺瑗,2021041231553,239015,0
rZB1,nkTUpR,2,郝宁行,2021050021846,151318,1
D6Td,FSWcpE,1,宋仁达,2021050027270,075972,1
u2et,AzPhJG,1,邬雄家,2021050041060,819010,1
x4rO,K32LQH,2,傅素,2021050123740,540837,0
NasZ,y6g5kV,1,屈芳玲,2021050271958,303119,0
H9oi,6zjCnZ,2,贺倩,2021050325107,518251,0
hyME,Q5tpS9,2,喻勇,2021050430313,381303,1
CZcs,KWwCWw,1,朱融,2021050506071,482360,0
bCwS,WUQ8Bb,2,茅枫,2021050534713,168347,0
LtOt,G8xFcs,1,姜菲,2021050907453,922274,0
UJsf,2AOJud,1,熊思枝,2021051021853,285118,0
7ajz,5Qp2lE,1,堪安,2021051035111,817551,1
9Wen,ToApBB,2,陶英菁,2021051135841,808258,0
ElEa,NlTSVM,1,曹茂,2021051247352,175773,1
rjiC,0ePj7d,2,尹毅东,2021051253667,066336,1
5wLf,vKzPHV,1,堪玉英,2021060120538,852605,0
Oqtu,jAwiNP,2,安昭茗,2021060137967,554279,0
Fj7x,iCcmuu,1,尤琬珠,2021060206059,766860,0
L9jz,RFkMG5,1,孙菁莉,2021060216143,896761,0
MBj9,1HMllq,2,俞琼,2021060388949,624589,0
k4sO,tXNvdq,2,施育悦,2021060405837,147858,0
LG5c,lIMS56,2,奚伟致,2021060446372,018163,1
XEgI,nvzjLJ,1,倪勤静,2021060899232,555592,0
YYgm,ERd6TT,1,元贞眉,2021061035626,760856,0
0VAL,GJprwL,2,许娥育,2021061134040,328140,0
WuSZ,r504ml,1,金星,2021070658728,183587,1
XD8L,Af3cp3,1,李岚,2021070814634,888946,0
0vfi,vYGFTf,2,孟瑗璧,2021071022852,288428,0
qCNV,CqBgNk,2,郎玲,2021071038051,393880,0
UAHs,XTieKf,2,吕全达,2021071056872,564868,1
IARK,B60nxZ,2,常岩树,2021071102370,850723,1
7ciX,TeLlwv,1,金婉,2021071213105,153431,0
ey25,DPlWvd,2,彭毅,2021080188621,882286,1
kDt6,bvieYE,2,冯利铭,2021080242318,104723,1
R6b0,9p3rh1,2,金欣荣,2021080290051,110500,0
aTn9,jKYwah,2,冯珍爽,2021080342331,729723,0
LLAH,iPqHDQ,1,毕俊,2021080496671,250466,1
lJbx,Z2sWPo,2,郎航,2021080498012,670680,1
mPwC,hpcsAz,1,熊顺树,2021080719758,021297,1
BQ6I,IXdlpP,1,潘贵,2021080816161,169561,1
cqxw,kjaxTo,1,孔波,2021080933115,022531,1
uD2v,2KNba4,1,尤建茂,2021081000360,756603,1
1wLl,NpPuhX,1,乐羽怡,2021090087713,741377,0
UVjH,5uHPkb,2,吴茗,2021090147643,168376,0
LCBv,2LYSId,2,方富康,2021090272870,526528,1
ZKSo,uFcbpX,2,于爽蓉,2021090278963,451089,0
vrRH,fGOY7e,1,王娜馨,2021090429244,717992,0
O8u8,61HuLR,1,禹伟发,2021090456241,603662,1
YQHV,IpP9Hj,1,常东俊,2021090549952,015199,1
zIjV,crGh8q,2,杨勤,2021090609243,495192,0
7UaM,VXxIms,2,唐霭,2021090684823,479948,0
TQ4O,PHKkmO,2,米士以,2021090780773,924907,1
QWiE,MVYsfK,2,萧树义,2021090827672,839876,1
WH4K,DJyg7z,1,卜婉,2021090872924,845529,0
l2Hk,QQozjt,1,任莉,2021090893814,509838,0
BZWs,NiERRU,1,酆怡霄,2021090895166,977851,0
kBMm,PfRJht,1,汪娜美,2021090931152,062911,0
oey7,P3UdVM,1,汪武祥,2021091227806,856778,1
dBqp,e6L2pP,1,褚时雄,2021091229254,922192,1
SNIE,J9FRsq,1,费兴贵,2021091232409,767324,1
jbU7,5bNFdm,2,殷家东,2021091244566,406845,1
CPLW,130yii,2,平枝悦,2021100104439,377444,0
QlMy,VbpiY5,1,张良盛,2021100130859,582108,1
7a2Q,weM3ee,1,顾航,2021100210805,787708,1
mv5m,y12eyF,1,唐盛,2021100457057,295070,1
XAPV,xbWop9,2,祁凡,2021100584035,291840,0
3tDc,CfDvbl,2,鲍仁,2021100593167,769831,1
KxsD,Ie8qCF,1,于永,2021100772439,568124,1
hMw5,nL18Ar,2,顾珊苑,2021100862921,693629,0
BMz2,wf6JFg,1,杨建成,2021101106561,441865,1
MKr6,MVewsO,2,唐中风,2021101113711,420637,1
RnNC,UXgv0T,2,卫婵,2021101137039,113770,0
R01u,6nEWyp,2,平策,2021110028170,981581,1
8qWI,D6hj35,1,任东,2021110567857,623978,1
ZVgL,RVjoke,2,倪芸丹,2021110853266,042232,0
71xB,vJIl0d,1,秦彬广,2021110856327,958563,1
MHwf,kPOf79,2,柏祥德,2021111051552,295315,1
KrKf,NcGuOL,1,孙彩,2021111053907,216539,0
j2E7,45FXK2,2,计秋纯,2021111076523,712865,0
NhKr,75FMTt,2,项海,2021111161038,453610,1
RmSa,jPOvUf,1,董欣云,2021111254125,366841,0
OoWm,RXMGKG,1,皮富星,2021120151544,637615,1
eE6B,PBb7d4,2,柏羽馨,2021120219029,346290,0
3Alj,FJAjNQ,2,周珊霭,2021120346814,189168,0
ot8l,67g7Wl,2,孔英冰,2021120364215,862042,0
MzpN,0FJ8j7,2,朱秀,2021120427246,520572,0
pynW,p9NAZ9,2,唐军中,2021120630647,772606,1
dAT8,BTAWpS,1,潘家,2021120650553,241905,1
rE8O,8o2jyy,2,葛炎龙,2021120728207,969782,1
OQRa,kmNdad,1,明行,2021120728873,374588,1
bybv,IqigBr,1,施星广,2021120753354,661333,1
GAuR,E7uEvX,1,孙贞娴,2021120768213,713982,0
dEAk,N43qAx,1,顾光贵,2021120834629,330946,1
WCo8,ARQNCo,1,邵琛,2021120907823,122478,1
A85L,KD6uaj,2,薛娥环,2021120943904,063639,0
tbKv,RWxqPL,2,昌薇,2021120955745,318557,0
WCx8,OHnlln,2,汤雪,2021121030418,824504,0
I0Y7,6wkbjg,2,苗露,2021121102216,635522,0
KZQ3,hzxOHi,2,成俊龙,2021121240475,528304,1
JCWc,YHWdVP,2,狄芬菊,2022010182818,530628,0
lmSC,xjHf70,2,傅家,2022010191115,699311,1
oHHs,YrFOJf,1,邵聪,2022010197752,324077,0
dRWp,Q4vwNO,2,云薇,2022010199969,300699,0
S5qV,qfPw3f,1,堪娴,2022010225210,606252,0
Vdeq,Uur3th,1,廉彩霭,2022010234137,320141,0
dbRA,jsJXUh,2,岑祥利,2022010336349,856063,1
MB0q,qKV0zK,2,秦元德,2022010585320,750853,1
cxek,M9wB34,2,沈子,2022010617234,585472,1
DiZh,MjyG9s,2,方风树,2022010756845,034268,1
2ko4,ofkSdU,1,卫榕茂,2022010767218,235672,1
CZ9j,RtppJ4,2,祁蕊,2022010898567,519485,0
DyZw,82yERB,1,吴静,2022011019010,470890,0
VPRP,8E4Afu,2,陈飘娴,2022011060153,257201,0
PN4y,v4aZDM,1,祁钧,2022011095013,468150,1
x9fO,yMgjTt,2,平光,2022011142712,322027,1
0Trw,wwK7Zv,1,马娅,2022011196661,525966,0
Gunl,gd0x0C,2,金晓,2022020210442,964404,0
ORBn,CoDzI2,1,葛广中,2022020256740,344967,1
lpAH,eVGHpr,1,纪国天,2022020264655,987646,1
W1ue,JMmt8c,1,祁才,2022020344817,201048,1
uWro,W0MI7S,1,臧宜妍,2022020349936,295099,0
c3Jp,1Odjtw,1,费雄,2022020527432,017474,1
qIyY,OgQKu1,1,皮枫巧,2022020607973,863679,0
WoON,bMMHUU,2,陶树福,2022020760169,711401,1
ANcG,nLI1vJ,2,明姣,2022021131933,271219,0
W6Mo,RFKwkg,1,马雅英,2022021212107,859221,0
iOsv,vJZIqn,1,余才风,2022030061228,395612,1
SV0l,qj7S8Q,1,彭子义,2022030159022,357090,1
u6xa,GyBFZ6,2,孙妍姬,2022030165413,206954,0
W2MZ,8H67xA,2,余强,2022030208306,346283,1
HNw3,Hcg0Lj,1,卜弘生,2022030431970,614819,1
onJN,8Zt3t3,2,魏信国,2022030693312,164833,1
YEWx,LzlHT7,1,项欢,2022030699834,834698,0
9dqV,8ZWbNf,2,喻娟纨,2022030705665,575756,0
6c21,DYAnuh,1,董达,2022030888362,491283,1
iSWE,jQ51PU,2,项嘉珍,2022030907569,540375,0
fRLE,E5vbh7,1,水武腾,2022031012441,767724,1
53k2,Mt6ytu,2,唐福,2022031087060,029570,1
htDo,sgrtrh,2,水丽,2022031198822,969088,0
tNXf,7iXF8J,2,许才世,2022031222526,654525,1
pv5r,5NrKvw,1,水辰,2022031242445,963424,1
jCsZ,HqOLnC,1,堪才,2022040139439,892994,1
93nH,H8jcxO,1,马辉鼎,2022040160602,836806,1
ZwGb,85jCD8,1,伏文,2022040164325,027543,1
0WD3,yC9uDP,1,苗时,2022040347570,286375,1
IQcv,YJKfdx,1,费明,2022040391534,385315,1
pyty,OitNEX,2,喻俊,2022040599013,676290,1
ndxg,SGf5Yv,2,柳安,2022040627554,825875,1
WVkD,CItO3o,1,平波,2022040875772,016557,1
eBml,KQxwC5,2,孔萍素,2022041027867,400878,0
nOYH,AwjWo9,1,齐琴,2022041118330,603983,0
6ArD,lkV9us,1,奚航信,2022041158551,743285,1
pDkv,kIOE4D,2,钱亚,2022041216846,703068,0
JlrP,MirMpg,2,项铭,2022050068927,640189,1
Ueaz,04NEwr,1,滕清,2022050152447,303524,1
eZDJ,9jxO7d,1,廉娟凤,2022050155110,645551,0
mON8,Ud0jvJ,2,周信,2022050600034,179900,1
S9ph,dZanWD,2,姜辉,2022050794474,492044,1
e2FF,FtHYdJ,1,滕腾,2022050961859,542218,1
0rOh,cMKAtG,1,张叶荣,2022051041564,830115,0
p7Ky,T3zPs8,2,严红,2022051054114,667341,0
SZrK,gjp7zQ,1,汪怡荔,2022051108470,436884,0
OKku,vrDHcq,2,史丹,2022051122945,519529,0
HJKd,sg6Iqs,2,赵永致,2022051168315,895683,1
t5nZ,noJEYh,1,柳行,2022060157109,016171,1
bu38,ELFyRD,2,凤世永,2022060177220,947872,1
pVhK,IIQFJC,2,平富,2022060180018,427900,1
lJOJ,E7G9ZI,2,何娥,2022060359036,104390,0
elVg,VavDdS,2,柏茂,2022060485316,667753,1
sBnP,B5cDmi,1,史达保,2022060491339,571613,1
mMZX,8fwYvy,2,何平,2022060634563,103245,1
dGie,Dh7McY,2,卜思,2022060797524,594775,0
fd1n,7RFqdn,2,陶璧悦,2022060822739,516827,0
MYUT,I4YICi,2,郎菊,2022060930042,978800,0
F9Oq,NVit89,2,王杰,2022060988966,309789,1
9VIz,GSdeay,1,邹康,2022061170426,579704,1
43Y5,VDLavq,2,禹雄,2022070036134,364561,1
8ufe,IvQkzd,2,费伟,2022070361509,518615,1
IEuY,rNKPKD,1,平滢咏,2022070437550,595575,0
RgL7,lnap9L,1,倪广,2022070590744,096907,1
CDdP,vZnyi4,2,陶才,2022070604043,672740,1
ZpgZ,ABV2pm,2,俞祥,2022070622467,022424,1
BCJt,dIUmIs,2,卞鼎,2022070631355,908113,1
OpLc,1iPWA5,2,伏清康,2022070775215,072952,1
oy7E,iGRur5,1,花行,2022070788247,710082,1
w3Qy,75cJnu,1,马伟宁,2022070961262,247112,1
VeTO,9WIhM6,1,尹良楠,2022071024872,513448,1
WnnH,wnwlCk,1,华枫,2022071231734,429917,0
E7Tq,3kd2a0,2,廉璐英,2022071257108,529471,0
aCKT,paMrj4,2,华胜国,2022080027569,764375,1
M6WI,IFQ46p,1,谢保,2022080103765,244537,1
CiAA,XGlHsD,1,凤苑,2022080460931,141609,0
tMzf,dEzgp1,2,雷寒,2022080510865,550008,0
TGcY,4mkth4,2,凤娅,2022080627861,172078,0
qAcJ,1thzKH,1,汪舒,2022080631357,427713,0
UlX8,UJeN0H,2,庞仪,2022080733257,449332,0
NX9S,bxNMv1,1,纪建兴,2022080856717,545767,1
IG6C,PZbrM8,1,章强永,2022080917667,553076,1
7DVD,LhVtR4,1,萧志勇,2022080999574,126895,1
IzqF,m4ZOlC,2,金黛莉,2022081154064,547140,0
Wqz6,eH6BqG,1,任淑,2022081164868,187048,0
9jMo,uVCSyP,2,沈鼎,2022081254038,726240,1
9dMZ,2iWmRF,2,殷达,2022090080967,281009,1
ylU9,GYwDsj,1,葛弘信,2022090097865,609878,1
x178,ksUe1g,1,和成,2022090187705,546777,1
r5Xh,3sSaIj,2,姚峰,2022090277741,641677,1
jjJz,5SZ3mI,1,岑福,2022090296811,090068,1
1WLl,JsBd7k,2,时娥,2022090348028,072180,0
1zDm,mW7u0F,2,吴波,2022090558638,782486,1
diM1,T55NfB,1,李永,2022090574316,612443,1
Vn3n,NqydFL,2,窦刚,2022090615717,835157,1
MCkY,jpJIHm,2,计飞,2022090656727,688867,1
TtVp,jNFz0x,2,殷蓓洁,2022090695122,887851,0
rBCx,F4NNAv,2,花锦,2022091079204,913592,0
9NiK,aFpCn1,2,穆才航,2022091096042,524260,1
abEO,c5Atcb,1,潘雁,2022091119461,936494,0
6KWu,uy8v0Q,1,毛义,2022091159561,906195,1
tL6q,P7Y76j,1,安祥富,2022091189018,084890,1
t4Tw,bjFaDp,1,郑娜,2022091248656,301486,0
cd3i,nuZcGu,1,严行茂,2022100162524,659125,1
SJwU,fOHXig,1,庞强富,2022100178026,370780,1
Xp30,tKZysZ,1,郎星,2022100816535,181665,1
8qRg,Rkm7gB,1,鲍珠咏,2022100891204,761312,0
D3QH,samRLU,2,酆生波,2022101192162,385921,1
4W1s,YGQgnP,2,花勤颖,2022110332631,176726,0
xGnR,7jh1Rq,1,邵文飞,2022110367159,503971,1
5o0m,H4fig1,2,袁中,2022110391415,969814,1
fDV0,IH9vYv,2,方茗,2022110412371,044023,0
mFUD,jP5bKX,1,平淑,2022110500320,746803,0
SIAf,akVlq3,2,祁岚,2022110652318,906923,0
e54C,IVBvry,1,岑文,2022110677457,971474,1
G5KQ,OVkIhm,2,毕良,2022110749428,003994,1
iOUO,kESNq5,2,何晶,2022110777754,408977,0
cY18,XvJY2e,1,和利俊,2022110795221,787152,1
Bssx,bDl4ll,2,毛枝芬,2022110842341,488923,0
SkeD,k1jEYI,2,沈珊璧,2022110858555,902885,0
W1Qr,pjV5C4,1,鲁山,2022110861323,600413,1
IJwf,HM2jqg,2,汪山伟,2022111013054,469230,1
wuvh,WrsYAc,1,柳欢蓉,2022111028663,891786,0
f1Gp,nv8T4F,2,俞平风,2022111071529,995115,1
lBFK,OxAJZc,1,俞雪,2022111244133,485941,0
Haew,0gxRCV,1,卞辉,2022120045466,717354,1
dBhu,AZQcnr,1,殷杰全,2022120106835,309768,1
Qq5M,PDVnw4,2,成飞,2022120134563,686145,1
VD1F,JEHdIV,1,邬发,2022120267031,629870,1
EBof,3xnf7y,2,俞昭,2022120532564,311225,0
nEAi,QzZd0n,2,时永利,2022120537632,655476,1
QgYG,3KXzdb,1,董光,2022120591456,344414,1
7puy,r5yhUE,1,纪军安,2022120605817,578458,1
4oY6,fpe6uR,2,褚舒,2022120662052,584520,0
uELm,ycaUEQ,2,魏星,2022120703726,502137,1
c6W8,81Ij1q,2,吴平,2022120841652,738716,1
2M8c,D1QiiT,2,乐韵勤,2022121029725,744097,0
nV6D,eab6Cs,1,平星山,2022121054428,900844,1
pVM1,URebDW,1,秦龙辉,2022121101713,213917,1
gJK3,reDaay,1,吕菁,2022121134175,435041,0
eJCy,0zXt9h,2,郑秀荷,2022121189926,067699,0
W9KK,AWd1xr,2,马嘉,2023010133531,889235,0
Co2y,nswUUW,2,毕贵光,2023010190774,552007,1
Ul3X,rpSCSm,1,项宁国,2023010259230,718692,1
KnmT,urJb6r,1,黄康,2023010279142,216191,1
JCY4,QdmzNq,2,花嘉,2023010556829,401068,0
M7Aq,A2rVBE,2,明璧洁,2023010569001,029390,0
kBxj,DMXGXx,2,屈飞,2023010601243,378812,1
Y0f5,9MkiPX,1,魏海,2023010663229,865032,1
Yvve,IOW7Uz,1,华钧,2023010837234,869472,1
3bBe,J9ddxb,2,李琴,2023010959722,029697,0
eOoQ,dOxrwg,1,喻明广,2023010967041,918970,1
5hHY,kP3UfP,1,葛瑾柔,2023020164724,672547,0
i8Qt,XcDMYG,2,滕馨,2023020192362,138423,0
7g3B,pldprH,2,蒋盛,2023020268670,843686,1
e9Xx,cMK2AP,2,喻华,2023020423004,544330,0
zNo2,XIiHJy,1,茅欢,2023020611339,570713,0
SvzC,EDeqLl,2,昌凝,2023020646153,117861,0
V2tJ,pxE2Go,2,章建,2023020869711,160497,1
gYeB,oCXBSr,1,袁杰,2023020934921,051549,1
UUBJ,DELdXJ,1,汪毓园,2023021167735,495677,0
2Dco,bMcL6t,2,吴枝娜,2023030118651,020286,0
IsI8,norqcX,1,于寒琳,2023030125342,655353,0
gAxN,3hvnKQ,2,余福世,2023030196560,487065,1
N84t,bQperA,1,袁楠杰,2023030348320,820983,1
vrlq,sFWHQ5,1,狄霄,2023030381553,478515,0
FWHV,7gxNOS,1,贺茂,2023030416012,882560,1
ew8U,qV06AR,2,傅怡,2023030682401,101924,0
bPVJ,lxzUCH,2,姚惠,2023030720035,140200,0
TUIR,BwZGEP,2,皮琼,2023030846151,997261,0
zsSs,nUGqKD,2,尹芝,2023031094709,801447,0
fukr,ZjOngM,2,熊腾,2023031112332,659823,1
pgCs,EPxx7E,1,董广,2023040131825,529018,1
0PFa,NvDHZv,2,岑健,2023040164271,828042,1
ENm2,nbmWD3,1,窦荔莉,2023040197148,919171,0
4CGK,r9qIlD,2,臧兴刚,2023040278174,377381,1
6mMY,Cyg1Bv,2,董勤,2023040581237,372812,0
1hKG,rZqNQs,1,葛仁,2023040709711,828597,1
a3wR,5mzqXd,2,冯瑾惠,2023050057561,205175,0
4i9k,9xuWcw,1,韩仁,2023050077751,784077,1
00dP,zAOkZH,2,杨梦,2023050145373,168953,0
YN9l,GGTbW3,1,凤慧,2023050177974,514379,0
cNR2,Pzrwka,2,卜树清,2023050216025,738660,1
e1Xw,A8hDep,2,苗策,2023050333725,851037,1
ejIh,emarQG,1,鲍育冰,2023050335829,223658,0
8RFS,GGqtxI,1,庞榕家,2023050352539,225225,1
wKfE,TTxbcj,1,康筠凝,2023050423231,686032,0
z2FN,h93QjQ,2,皮贵以,2023050525447,630054,1
jSZc,1aYTTL,1,和文,2023050527717,886577,1
eNug,cbF2pj,1,卜义,2023050617913,377779,1
ndN3,aRbfpW,1,秦宁东,2023050637522,129375,1
4I5p,w7oLrW,1,谈茜纯,2023050689804,161198,0
dl0D,9Jc2Fu,1,贝清成,2023050903922,011539,1
1CCW,XCAFdy,2,柏珊黛,2023050997238,524972,0
yUJa,26jslT,2,安茗莲,2023051005073,776150,0
RCzU,54oxPM,2,屈育香,2023051008118,431181,0
jHJd,hKr6HM,1,酆光,2023051063058,261530,1
LMuS,nd6nfC,1,云君枝,2023051224538,871145,0
98bX,AZi1KK,1,项霄琴,2023060184574,581045,0
0F2E,JsspZk,2,雷凡,2023060187663,527276,0
sZqb,1JAEAk,2,云妍,2023060253612,962036,0
dHVp,0NKDUx,2,华国刚,2023060275575,386155,1
AJZN,ikB3bH,1,毛慧,2023060290662,993306,0
YKh1,IswLGx,1,孔咏,2023060777159,693271,0
49ZM,0HZqIs,1,禹伟,2023060869805,166098,1
ybMy,bMx2QH,1,熊瑾,2023060897141,384371,0
ZJFq,Gv7Pto,2,黄丽,2023060957115,120571,0
aH2P,qo0Q8H,1,陶伟国,2023061000155,106201,1
n5hF,YwIYxP,1,祝致成,2023061022322,907223,1
IY18,6OPEHW,2,周岩士,2023061089537,686595,1
WwZq,o80Gpq,1,魏莉,2023061162303,682723,0
Di5R,nykxsV,2,乐茗爽,2023070272126,168321,0
UIRz,yhQu7Y,2,柏育,2023070343932,754239,0
sg2e,tu8B3n,2,施芳,2023070354808,279248,0
Asal,LN4038,2,薛时钧,2023070481556,281415,1
AGg8,sDdbhV,2,魏菁,2023070534716,088247,0
eCbP,kLqFzI,1,鲍武才,2023070556650,817966,1
pD9z,XoIkZ4,2,许贞蓓,2023070617102,167471,0
eCDx,6DQyS5,2,顾荷瑞,2023070751417,303314,0
jSHi,IUb8vJ,1,任纨聪,2023071042927,982629,0
W3p4,xctJai,2,姜刚泰,2023071084974,336149,1
DQx6,rWpbAo,2,姜眉青,2023071087812,894678,0
mPmX,gNieMg,2,毕钧茂,2023071094973,352849,1
oRqD,71Rgod,2,葛琬,2023071174324,753443,0
jAqw,hjFH7k,2,杨永宁,2023071243130,652631,1
sdxl,69Zp4G,1,严中,2023080075552,949555,1
0J8p,R6Pomt,1,戴叶,2023080098036,306180,0
3aJ4,Ig20S7,2,邵枝,2023080175214,590552,0
Bg3t,RqaWi1,2,奚珍梦,2023080223062,671630,0
HxCN,Sj7jhS,2,华辰,2023080441711,834217,1
FvwL,Yx2X47,2,傅仁,2023080654907,704549,1
3ieb,wC1hqn,2,孔杰,2023080682171,162021,1
FKXs,j69AXn,2,窦爱,2023080933306,595433,0
jm76,dyMzwo,1,殷盛,2023090103249,708332,1
wBrw,py316m,2,萧顺生,2023090490456,283204,1
Xii0,mt4dGI,2,元艺,2023090799268,555192,0
zyY5,6A9OBZ,1,苗明,2023090861959,785419,1
iNSR,paZvWV,2,云东,2023090865573,299755,1
kPmE,tbg54J,1,花士,2023091074314,471143,1
ZUcl,ipNjqv,1,庞建,2023091077143,238771,1
XEEg,0Jj6fD,2,黄婵,2023091253768,304737,0
kENP,E0MkWP,2,毛武义,2023100013634,498536,1
0iu9,3CmpjZ,1,贺德平,2023100058656,721886,1
tYnJ,Zahbjx,1,葛霞,2023100112638,195626,0
pOIA,Ioenoj,2,花士成,2023100169941,711899,1
72fi,sRVQrN,1,孔弘利,2023100295721,325857,1
AoFc,bPCKQg,1,花琛伟,2023100338971,059889,1
7xjT,uiuvGC,2,伍婉,2023100510753,466307,0
cQji,y48W8O,2,项顺,2023100560864,977908,1
cIsh,ClFwIy,2,梁英融,2023100624504,760845,0
zGvX,i1dwHL,2,卞武,2023100796750,722367,1
tFON,955nmP,2,伏瑞彩,2023100950020,456700,0
0jNT,JcIncm,1,殷凝,2023110023304,215033,0
jLqx,KFNolN,2,姜宁,2023110082153,976121,1
FJ7e,QyI8Rx,1,祝晶欣,2023110125271,773352,0
IYFM,obxNh0,1,萧菊,2023110228760,256587,0
XgTJ,dwH4bd,2,成琳,2023110431712,366617,0
kvzL,9IxyDl,2,滕玉芸,2023110607664,304676,0
32AA,0ztu8m,2,伏聪静,2023110673640,678336,0
gAZQ,ai89gZ,2,贝春璧,2023110688658,785986,0
SGqJ,zFdvip,2,宋云香,2023110768868,309088,0
V2IC,uwhtRc,2,郎秋,2023110785869,186158,0
zFcK,lxWDtY,2,伏家广,2023110963228,225732,1
FPTn,9lGJDz,2,韦广子,2023110964813,665248,1
9JfJ,oJgH5u,2,何素凝,2023111037137,715871,0
plpm,ugIyrj,1,祝怡琴,2023111148670,934286,0
UUPx,stkNkl,1,韦发福,2023111184470,990244,1
k1sr,MI4VwR,1,尹生,2023120022071,341320,1
Ar4t,YNZs7S,2,伏永信,2023120166340,421763,1
aAlg,p1nVP1,2,范洁蓓,2023120357802,711478,0
HeAs,PG7iqJ,2,花铭,2023120480227,621502,1
VJKe,v6Giym,2,彭淑雅,2023120683904,044739,0
RMgl,6Qvoj1,1,鲁琛,2023120718236,634482,1
uGQr,gqULEX,2,安榕岩,2023120751862,580218,1
IXaz,Ax0lDT,2,汪婉,2023120760602,326606,0
RATi,5dnf7A,1,奚翠,2023120766019,686960,0
CPyq,swE91h,1,严惠颖,2023120853933,893739,0
o8XL,sbGoxY,1,马妍园,2023121104011,038440,0
UQ8V,pdIuxX,1,卞保利,2023121110127,808501,1
a4Jy,AupkK1,2,穆菲希,2023121224554,268845,0
8GDm,8ifQTr,2,姚苑,2024010397643,115976,0
omZL,GRHIDI,1,卫婷,2024010449046,614390,0
BjCJ,5aeXnQ,1,范育希,2024010479436,653094,0
t3EF,i62iq9,1,雷永,2024011016157,487561,1
L3o0,rMm8AZ,2,尤莲,2024011106864,021068,0
fgKB,DQt25N,2,何树健,2024011148774,015287,1
Ytoq,IWF8kV,1,邹志清,2024020053312,897933,1
oTlh,7L86zE,1,王平,2024020069649,815996,1
XLs2,iXRvVu,2,元素琰,2024020088422,990984,0
G66m,dXVlMp,1,杨淑翠,2024020095864,033158,0
taeo,yAGzEL,1,祁芬,2024020414038,879040,0
6sop,eppX5e,2,马仁波,2024020596918,671169,1
fVxi,CrxTHD,2,李志,2024020942861,027828,1
zgGN,fBioBF,2,梁菲,2024021038111,656881,0
QTIB,1zvdXX,2,姚淑爽,2024021066913,644769,0
KW0d,id8aqo,2,秦强,2024021125913,947759,1
ZDE7,wuRGmE,2,毛力,2024030253212,767332,1
eDbK,RiB6iL,1,尹国文,2024030360132,186501,1
5hxb,pxhIJQ,2,云秀璧,2024030400971,453409,0
hT5p,gTugbh,2,沈胜,2024030558239,630582,1
DFeT,k4WMfc,2,安勇,2024030726159,938561,1
7Bd7,GMv5fn,1,李子永,2024030853528,634735,1
DdiW,2J2Cbj,2,酆祥,2024030860918,370709,1
QXvA,IltFDf,2,穆娅咏,2024030902922,975029,0
ylE6,pmeTMe,1,姚菁,2024030922639,757426,0
DrIN,VkLeuv,2,孔昭筠,2024030939638,376296,0
ULbm,IkLCuf,1,柳信榕,2024030979503,215195,1
YaLF,pARPC0,1,柏波,2024031048318,160083,1
FauK,DNRbbM,2,谢育娅,2024040143767,629837,0
o2RP,UDLXbV,1,郑伟,2024040157458,899574,1
Q2zW,iUt1i0,2,殷媛芝,2024040246112,914361,0
vr5r,iP4uL5,1,鲍艺,2024040345735,136957,0
spvN,LVH6BF,2,毛琼梅,2024040347750,406677,0
s8fr,bcUb4U,1,倪良,2024040360051,592400,1
O5iB,EIlWOl,1,贺泰安,2024040382220,606822,1
1DkM,MzT1ao,2,廉晶,2024040408569,078685,0
Bvab,1OPhKx,1,奚星辉,2024040647870,838478,1
OEzk,is56MQ,1,庞艳荔,2024040847244,716872,0
cAC7,K058K0,2,苗峰,2024040870729,045507,1
Lpwe,CFBJZt,2,齐卿芬,2024040906452,632564,0
KaBQ,E1npdj,1,华全,2024040923017,791930,1
6DDt,75lKrA,1,明钧,2024041155736,348957,1
nLcf,BPTTWn,2,汤发榕,2024041168323,735583,1
LklC,lUFtAj,1,费叶,2024050343808,235538,0
wbEi,3MRWmx,1,李环凝,2024050350919,997209,0
JF8j,2cAQ5e,2,安军,2024050367058,120670,1
c3ii,qkqfo6,1,韩欢,2024050468766,193987,0
kRnG,rjR4Df,1,袁杰,2024050551823,905818,1
JO4S,Dya3At,1,伍瑗,2024050573535,012235,0
kGwa,LipQ1K,1,郎冠,2024050820108,275201,1
wefl,KWKCm8,2,殷姣瑶,2024050824140,083641,0
VED7,Ptqesm,2,费建,2024050885073,682050,1
1kPx,IkfebL,1,舒辉,2024050896107,385461,1
ga4Y,KJnYnA,2,马海,2024050916456,028664,1
lExb,zP0FCC,2,郝桂珠,2024051120103,341201,0
QTed,TXlo3X,1,茅弘兴,2024051157561,492375,1
2luT,LTEsY9,1,禹勤露,2024051166232,626562,0
m09s,clngds,2,袁钧,2024051209047,357790,1
xaUd,WwNRw5,2,王悦环,2024060075858,960958,0
Tw79,QmMx1e,2,任彩,2024060141905,183019,0
yb8W,MnI0Ph,1,孟伟,2024060589028,721290,1
sLle,jHcfxt,1,岑文琛,2024060625923,546159,1
IkON,uGXd4z,1,云巧芸,2024060647828,445778,0
HTyb,qZoolD,2,窦勤飘,2024060661133,588111,0
SsnF,YP4C3S,2,陶娅希,2024060967468,977974,0
4QoV,oqTx1N,2,时艺,2024060978311,679283,0
akV6,VDcbcM,2,魏刚铭,2024060997106,057071,1
nBxa,Zw0etN,2,尤良,2024061150724,439307,1
zPKZ,YPgmZd,1,汪健,2024070151473,989714,1
bYjd,4cmSNJ,1,卫杰,2024070259519,455895,1
IYpS,thljWn,2,华纯娜,2024070408448,015184,0
fdcR,H56ug8,2,贝贵,2024070410474,646004,1
sGTf,Y8T1Mx,2,卜中,2024070472629,578426,1
UVDG,Qw4tze,2,戴元琛,2024070575127,529551,1
KSl4,vmzStW,2,何可婉,2024070601863,248818,0
pZ1O,WOjAwJ,1,施洁怡,2024070888703,066487,0
IL5X,aKZbGO,1,凤文祥,2024070890445,436304,1
qAFZ,2K7wG9,2,茅霞冰,2024071027829,523878,0
dFGU,DVea2x,1,沈静,2024071098219,847682,0
XWZD,bBTBqJ,2,谢芸娅,2024071140872,713308,0
ZPnv,fZGJYM,1,戴瑗妹,2024080012603,246426,0
zNVs,WjqTsn,2,俞妹艳,2024080267755,597477,0
3md1,ANt3lJ,1,窦枝茜,2024080313021,287730,0
TELW,YBl2TR,1,周桂姬,2024080343569,070835,0
erme,l5eGAz,2,云宁,2024080556535,192865,1
8jII,TeicVy,2,冯霞芝,2024080699803,141898,0
Nun8,TGuYC7,1,明辉,2024081002671,366326,1
abOO,NyGMZM,2,廉萍晓,2024081215731,703257,0
RwFn,Ua2VpN,1,柏胜,2024081256508,422865,1
LlXd,Juu9SB,1,成璧香,2024090091706,377517,0
mPWl,Y8l3Mz,2,元琦静,2024090222853,206828,0
3Meq,ncYuyq,1,韦璐,2024090328970,224389,0
xd1g,dbdLe7,2,贺元勇,2024090357672,442576,1
c1co,sNVC15,1,柳毅,2024090365535,223255,1
KL8V,3nxIV9,2,萧荷,2024090367017,809070,0
6gka,OZZZSk,2,曹俊致,2024090370318,149203,1
PX2J,sAffo1,2,苏志健,2024090387062,262370,1
GZGY,g8n0Ep,1,唐霞育,2024090486371,840863,0
PHrv,4LUggD,2,汪莺,2024090560016,588800,0
39MH,9cEmds,1,计山炎,2024090729935,261199,1
b0Ra,lGJwmJ,2,卫霭,2024090772601,582926,0
UMxB,aKoahX,2,周平星,2024090812852,882628,1
3PLD,U4gGYA,2,邹信以,2024090864865,767648,1
mAZv,Rgl7US,2,元琼欢,2024090995505,494155,0
Hndk,eaRaum,1,谈伟士,2024091009416,384894,1
i8Le,4LDwuB,2,谈楠,2024091022411,632124,1
QcK6,068x3Q,2,邬琴黛,2024100107664,920376,0
9GMv,HcdMK0,1,姚雄,2024100789359,085093,1
9Ryf,3D8XKA,1,傅广,2024100835364,761553,1
KU4r,LPCIB6,1,凤炎天,2024101019863,908298,1
JR26,GXiyFf,2,褚筠,2024101225248,279052,0
OCF6,TTDTQZ,2,祁琦蕊,2024110404411,219844,0
uh20,7Rwupp,2,郝志,2024110419023,449990,1
JJ5A,pQwlFf,2,萧安,2024110534246,240142,1
s4LQ,nsQSp8,2,凤芳,2024110569145,382591,0
IiWK,QnaAYs,2,何艺莲,2024110665973,427359,0
cP4r,lPFb20,2,董光,2024110736866,325468,1
wHAj,x4uL9g,2,苗惠,2024110794659,247946,0
63dx,DCfn4S,1,毕明,2024110800209,870002,1
fKH9,TSCJG1,1,王勇茂,2024110841226,243912,1
RLhm,m9czE8,2,方志,2024110974051,148840,1
St38,rAXYH9,1,汤冠,2024111073401,045434,1
5T9U,KC9Rus,1,卫艺莲,2024111220901,910809,0
bkFX,ntleRd,2,乐可,2024120195922,567959,0
QOZI,74ko3e,2,姜青,2024120414326,466943,0
PI2w,CE98Jt,1,尤澜,2024120496421,430064,0
WbLW,z8Qyoq,2,戚鼎,2024120520672,492206,1
s67C,xqoES8,2,戴影,2024120676960,399769,0
yDn2,1SKWFB,2,苏天武,2024120837557,836375,1
aECb,c8xKL7,1,殷珠姣,2024121021735,955217,0
vPPv,w02xem,1,尹策,2024121093425,674334,1
FM0Z,E22KdZ,1,葛真爽,2024121118159,389381,0
